"","CR_1D_1","CR_7D_1","CR_14D_1","CS_1D_1","CS_7D_1","CS_14D_1","TR_1D_1","TR_7D_1","TR_14D_1","TS_1D_1","TS_7D_1","TS_14D_1"
"GRMZM2G171650",118,549,644,30,37,81,98,592,712,16,47,57
"GRMZM2G044851",635,130,515,190,188,74,484,160,312,121,169,45
"GRMZM2G139834",420,1876,602,46,82,46,420,2022,793,34,60,30
"GRMZM2G060940",105,992,534,122,213,307,89,1343,975,75,256,270
"GRMZM2G063431",777,30,37,152,1891,1821,880,27,49,208,1594,1426
"GRMZM2G171365",208,708,1030,22,57,142,183,668,1252,21,73,126
"GRMZM2G009719",83,553,511,29,35,39,106,334,224,24,35,28
"GRMZM2G060974",77,450,171,0,0,0,71,586,154,0,0,0
"GRMZM2G059102",283,1031,2365,399,978,1038,245,1178,2093,286,1007,857
"GRMZM2G152079",315,1465,1911,85,218,275,430,1978,1587,62,218,368
"GRMZM2G082943",25,193,154,15,19,10,37,142,55,8,48,6
"GRMZM2G083195",760,132,130,1653,1774,1178,293,192,206,1611,2210,860
"GRMZM2G096407",52,311,182,3784,3216,3273,53,239,122,2559,2650,4184
"GRMZM2G026223",470,1273,1453,112,264,558,435,1206,1779,71,245,691
"GRMZM2G106413",223,1022,966,440,422,428,353,831,291,370,430,447
"GRMZM2G106511",18,160,164,4,4,4,33,93,54,1,3,8
"GRMZM2G305362",164,851,372,60,30,4,219,410,210,39,20,3
"GRMZM2G080466",9445,32144,27019,939,1865,1629,11397,22743,25177,837,1413,2625
"GRMZM2G034815",475,1283,1776,1,0,0,449,1483,1561,0,1,0
"GRMZM2G168502",324,92,197,767,887,994,234,226,88,618,941,849
"AC186231.4_FG002",18,102,295,0,0,0,14,122,168,0,1,0
"GRMZM2G386674",318,1237,665,54,105,107,425,678,336,51,119,63
"GRMZM2G106393",82,692,705,107,118,80,116,419,227,65,104,103
"GRMZM2G157760",2491,9796,2999,957,777,394,1788,4274,3096,878,653,201
"GRMZM2G419994",53,461,297,176,388,2454,127,236,159,151,328,2135
"GRMZM2G129674",11,196,279,5,9,7,37,106,88,2,10,1
"GRMZM2G466545",138,567,371,2,17,6,170,714,385,1,7,6
"GRMZM2G106445",298,1177,1274,88,118,54,385,754,409,62,106,51
"GRMZM2G168898",934,3212,2367,860,1530,2474,1063,2952,2643,640,1290,3085
"GRMZM2G164974",645,118,88,8545,5953,1190,373,79,258,9737,6375,689
"GRMZM2G421491",602,2457,2284,17520,15480,11656,658,2225,1086,17249,26579,1820
"GRMZM2G158378",32,169,3786,2,0,0,23,322,3924,0,0,0
"GRMZM2G060742",31,144,30,8632,7175,2324,28,64,54,7488,7288,1605
"GRMZM2G066489",186,489,231,2795,3243,1312,169,411,247,2188,3317,1198
"GRMZM2G123986",335,1017,559,37,68,101,303,1449,924,47,85,106
"GRMZM2G010909",643,2017,1529,21,29,42,619,1724,2644,20,38,57
"GRMZM2G073427",185,425,1817,680,1199,6800,175,434,2437,632,1177,5303
"GRMZM2G099642",876,168,22,236,246,236,414,180,48,200,248,70
"GRMZM2G085577",2278,1251,907,2244,2086,2666,1861,1170,923,2191,2102,3061
"GRMZM2G371167",700,2292,606,4572,2900,1427,776,2258,794,2916,2991,1295
"GRMZM2G101116",263,822,244,108,68,57,240,481,217,74,68,53
"AC203989.4_FG001",171,734,501,57,82,74,240,430,250,64,70,52
"GRMZM2G137532",117,316,477,8,8,6,143,354,444,7,6,5
"GRMZM2G316362",97,1391,590,1,1,1,221,457,273,0,1,0
"GRMZM2G104269",50,155,520,82,213,820,47,159,570,79,185,883
"GRMZM2G158682",630,1492,6519,1,0,0,635,2157,7139,1,0,0
"GRMZM2G105522",20,149,51,2,4,6,20,196,51,0,4,6
"GRMZM2G158013",410,1372,559,588,1070,928,370,1186,1047,416,1090,1615
"GRMZM2G087254",603,2010,668,1110,747,485,661,1843,843,623,633,1060
"GRMZM2G480516",1127,465,220,1539,1260,878,545,511,276,1339,1146,733
"GRMZM2G308687",9294,4255,2259,2633,2953,1498,6187,3327,2588,1983,2558,2040
"GRMZM2G173669",4340,921,3300,4871,6028,6135,2880,1763,2503,3958,5946,7232
"GRMZM2G125969",821,520,272,707,283,140,576,501,360,706,300,121
"GRMZM2G176558",458,1032,1051,145,158,118,419,1020,1260,117,194,83
"GRMZM2G103897",483,264,166,1995,1946,1117,371,356,292,1827,2244,888
"GRMZM2G119975",7,68,7,120,819,867,20,22,4,87,635,460
"GRMZM2G051752",136,358,149,2067,2005,1467,116,212,146,1553,1553,1428
"GRMZM2G041980",19,433,110,328,384,138,14,279,312,483,659,56
"GRMZM2G073044",444,1254,517,294,279,231,666,703,282,218,286,177
"GRMZM2G082434",37,8,7,2236,1550,342,32,10,7,1608,1688,676
"GRMZM2G169884",3,35,52,0,0,0,3,50,48,0,0,0
"GRMZM2G031323",109,10,6,3,11,3,40,13,10,2,9,5
"GRMZM2G158657",136,31,33,4,20,25,64,51,24,2,16,30
"GRMZM2G169321",1422,570,383,3937,3066,1589,782,423,612,3681,3159,1153
"GRMZM2G143756",121,22,11,172,73,73,61,9,26,199,114,109
"GRMZM2G035557",347,857,1938,3271,4501,7359,364,796,1611,2732,4590,7275
"GRMZM2G113355",664,1361,701,67,93,91,700,1089,573,59,130,44
"GRMZM2G133400",143,264,630,858,722,720,185,206,459,734,728,619
"GRMZM2G074540",1951,4770,5305,12,60,46,2212,5650,5241,18,46,57
"AC212347.3_FG002",10,64,158,0,0,0,7,102,214,0,0,0
"GRMZM2G476538",367,928,686,5450,5063,3732,385,734,426,4210,4534,3566
"GRMZM2G354338",2,44,33,0,0,0,4,20,19,0,0,0
"GRMZM2G147399",40,733,258,2,4,1,57,215,122,1,12,0
"GRMZM2G176230",254,72,54,0,0,0,137,65,70,0,0,0
"GRMZM2G059964",128,316,1210,29,40,32,157,454,1128,32,55,31
"GRMZM2G058261",661,413,377,2221,1462,1243,402,548,513,2176,1506,1271
"GRMZM2G361993",148,301,249,177,166,132,123,222,231,184,162,73
"GRMZM5G801875",405,217,159,1410,1448,1203,245,192,239,1228,1383,1347
"GRMZM2G123633",5,40,27,0,0,0,10,40,20,0,0,0
"GRMZM2G015219",147,315,261,145,162,165,116,261,269,152,184,121
"GRMZM2G032219",78,183,298,2773,2952,3168,71,214,305,2266,2663,2232
"GRMZM2G429396",114,287,1235,305,412,2257,143,286,1136,251,346,1181
"GRMZM2G373607",51,7,4,60,16,4,26,7,1,104,11,6
"GRMZM2G104626",1005,331,194,2786,2630,670,565,308,376,2756,2350,605
"GRMZM2G300965",161,1008,683,0,0,0,188,464,386,0,0,0
"GRMZM2G075563",144,390,182,10,27,18,119,560,367,8,16,18
"GRMZM2G000614",384,95,39,11,7,3,200,114,33,12,22,3
"GRMZM2G178046",105,42,23,6,10,1,47,24,23,13,2,1
"GRMZM2G075459",11,84,53,2,2,1,11,65,22,1,1,0
"GRMZM2G108523",389,1096,1228,320,393,344,523,1075,886,251,346,231
"GRMZM2G380656",225,638,280,30,30,42,225,702,62,33,43,37
"GRMZM2G138710",124,13,12,202,89,27,90,10,46,182,100,6
"GRMZM2G055150",181,398,577,92,58,92,126,400,863,70,48,80
"GRMZM2G703582",231,109,40,634,452,299,184,98,57,529,493,135
"GRMZM2G013448",1399,5855,4007,18,36,20,1433,2832,2325,19,48,6
"GRMZM2G366264",405,784,734,0,1,1,353,1014,940,1,1,0
"GRMZM2G407495",495,1197,741,38,92,90,494,1519,1058,25,87,76
"GRMZM2G162109",393,919,1104,3,13,10,349,570,1134,3,14,7
"GRMZM2G125268",1194,2760,2160,144,89,87,1503,1939,1083,89,95,63
"GRMZM2G086935",16,62,60,11,22,30,9,67,72,10,24,32
"GRMZM2G156472",220,71,18,4472,4158,2480,113,83,21,3427,3665,2571
"GRMZM2G151567",81,293,661,41,206,1247,70,302,631,13,203,1364
"GRMZM2G392863",663,2107,1326,24,14,7,832,1269,997,20,7,24
"GRMZM2G074097",389,1499,11867,261,814,16747,221,977,18462,233,715,16963
"GRMZM2G042347",4312,1012,734,192,134,43,1713,1496,989,162,154,32
"GRMZM2G319345",2496,623,240,0,0,0,1168,528,212,0,0,0
"GRMZM2G039536",26,86,155,1840,2509,2597,27,66,150,1533,2616,3110
"GRMZM2G075140",380,82,63,1210,997,394,159,50,108,1619,1108,369
"GRMZM2G100543",7,37,253,6,25,357,9,22,250,4,23,324
"GRMZM2G096753",131,407,526,24,24,15,116,371,532,11,21,14
"GRMZM2G149184",485,1066,1141,6,12,6,379,972,933,13,19,3
"GRMZM2G337706",24,73,43,2783,2142,2670,26,43,107,2148,2142,4998
"GRMZM2G393062",23,129,93,1,6,10,20,69,52,2,6,5
"GRMZM2G139689",342,639,335,802,651,223,307,508,392,643,773,320
"GRMZM2G170413",261,587,272,371,403,236,266,506,302,275,341,358
"GRMZM2G047533",119,47,40,7,8,8,154,52,20,2,5,9
"GRMZM2G138176",299,825,730,151,326,294,307,614,636,101,368,230
"GRMZM2G043147",1431,1008,511,386,355,230,934,1376,721,363,390,219
"AC197705.4_FG001",2,104,140,3,3,2,6,57,22,0,1,0
"GRMZM2G147491",200,50,22,146,96,95,69,28,25,145,91,76
"GRMZM2G052776",202,822,733,0,0,0,127,902,762,0,0,0
"GRMZM2G442658",3489,7320,8359,258,292,313,2655,5824,5440,178,350,245
"GRMZM2G026532",380,87,18,1,2,2,167,72,15,2,1,0
"GRMZM2G056093",589,1499,1465,9731,11283,12218,468,1079,1305,7556,7590,14664
"GRMZM2G376416",1554,911,376,4261,3522,1033,1012,812,674,3396,3545,890
"GRMZM2G306345",964,2898,2983,422185,473797,470350,978,1275,627,458961,452942,486528
"GRMZM2G009188",1736,361,485,8636,5781,1892,968,301,1003,9163,6995,1781
"GRMZM2G135586",92,232,254,166,134,130,92,311,369,147,156,167
"GRMZM2G094165",1354,443,295,16651,12439,8877,806,483,396,13971,11611,9427
"GRMZM5G851266",65,943,789,99,99,62,89,497,338,61,60,60
"AC204711.3_FG003",3,102,84,2,2,1,12,47,34,1,1,1
"GRMZM2G318780",245,141,138,259,194,189,171,212,106,206,192,195
"GRMZM2G374405",123,14,4,3,2,1,138,13,12,2,1,0
"GRMZM2G040911",29,94,96,6,8,6,29,113,77,4,5,6
"GRMZM2G023811",72,232,151,0,0,0,39,277,235,0,0,0
"GRMZM2G060481",3,17,10,4824,5330,6050,9,7,7,3855,4765,4855
"GRMZM2G148194",522,941,1493,829,1245,2325,503,938,1466,715,1256,1495
"GRMZM2G093020",207,431,424,69,98,90,236,481,604,61,143,55
"GRMZM2G476069",50,3,6,0,0,0,31,3,3,1,3,0
"GRMZM2G038677",10,181,88,0,0,0,17,82,61,0,1,0
"GRMZM2G049798",193,83,72,134,162,89,156,78,69,90,103,95
"GRMZM2G149576",3287,1865,1448,9474,12846,12384,2067,2060,1525,8834,13963,12301
"GRMZM2G056975",1267,656,546,4033,4731,3600,786,1040,832,4307,5238,3795
"GRMZM2G150864",721,283,215,972,970,832,481,183,280,882,866,642
"GRMZM2G060866",416,137,94,2779,1739,295,197,171,107,2560,1513,230
"GRMZM2G149636",510,153,104,3342,2455,553,305,92,181,3149,2495,470
"GRMZM2G031354",15,87,47,6878,5758,3756,22,24,46,4754,5935,2954
"GRMZM2G057616",4643,2792,2367,2537,2216,1956,2935,2680,3836,2484,2553,1822
"GRMZM2G342907",50,123,137,22,16,5,41,144,197,12,16,7
"GRMZM2G396856",1184,689,337,588,345,173,628,793,360,461,386,146
"GRMZM2G135536",6109,3013,1501,0,0,0,4580,2205,2018,0,2,0
"GRMZM2G414791",832,333,253,1,2,0,395,465,348,4,3,0
"GRMZM2G413887",17,48,42,1,2,1,22,50,45,1,5,0
"GRMZM2G468521",13,1,2,1,1,0,11,3,0,2,0,0
"GRMZM2G116204",138,277,271,750,843,697,135,319,367,752,881,638
"GRMZM2G051842",1151,2067,1395,143,131,108,1088,1974,1225,144,132,102
"GRMZM2G089803",558,110,18,0,1,0,369,207,36,0,0,0
"GRMZM2G010779",26,112,88,17,23,24,30,95,88,10,22,26
"GRMZM2G085964",117,597,338,10,9,3,262,339,263,13,11,1
"GRMZM2G066142",4789,2326,1123,0,0,0,3477,1565,1531,1,2,0
"GRMZM2G319123",52,10,11,14,6,2,22,12,26,16,4,2
"GRMZM2G131421",172,999,514,1,0,0,192,486,254,0,0,0
"AC209784.3_FG007",367,144,43,60,29,3,177,290,34,58,48,9
"GRMZM2G102138",312,56,78,176,6,1,239,20,99,188,29,0
"GRMZM2G339562",29,98,41,51,82,75,24,78,47,39,75,85
"GRMZM2G061602",409,260,73,1329,1138,422,251,247,129,1194,1264,339
"GRMZM2G079034",656,375,417,295,237,226,393,549,541,263,304,235
"GRMZM2G025833",35,1,0,13,24,2,10,3,0,6,22,4
"GRMZM2G136567",67,190,189,0,1,1,57,187,105,0,2,0
"GRMZM2G360191",26,94,68,3,1,1,33,56,69,3,0,1
"GRMZM2G167689",245,122,63,191,186,132,171,118,90,169,199,129
"GRMZM2G437100",1399,573,125,74,37,29,1190,692,194,60,27,46
"GRMZM2G132185",120,204,209,126,153,77,128,199,149,103,168,49
"GRMZM2G430807",1927,4832,3747,16144,11606,9426,2011,3637,2000,11435,8191,9369
"GRMZM2G054224",18,77,57,3,4,4,19,57,60,4,8,6
"GRMZM2G092137",454,843,609,1117,1272,1124,318,887,1441,926,1266,868
"GRMZM2G410083",500,214,85,1,2,0,278,218,127,1,0,0
"GRMZM5G864166",99,193,277,159,343,885,101,197,436,177,324,833
"GRMZM2G144097",97,215,183,95,161,197,85,203,196,98,159,155
"GRMZM2G153263",413,771,904,310,340,201,387,1042,1333,297,403,221
"GRMZM2G472226",136,38,29,9,6,6,71,27,29,8,11,3
"GRMZM2G160611",99,50,45,2,4,2,81,72,56,5,3,2
"GRMZM2G431039",2114,585,971,321,575,497,1384,395,590,179,527,686
"GRMZM2G446858",401,197,103,1,1,0,189,161,110,2,0,0
"GRMZM5G873519",3,17,7,24337,23990,17219,7,5,3,25452,22951,25466
"GRMZM2G083574",856,228,251,4,0,2,458,258,356,8,2,1
"GRMZM2G177915",0,21,10,0,0,1,1,16,3,0,0,0
"GRMZM2G382379",93,501,297,1,0,1,121,340,84,1,0,0
"GRMZM2G066413",1536,3087,1476,2847,2324,1623,1345,2688,2035,2059,2064,2223
"GRMZM2G045748",9,42,9,202,253,95,7,20,6,179,215,84
"GRMZM2G097469",417,173,86,2241,1832,606,353,98,157,2077,1712,284
"GRMZM2G103662",1494,897,975,705,722,823,921,1146,1362,715,847,520
"GRMZM2G105766",511,966,655,2,1,2,347,884,664,2,0,0
"GRMZM2G434557",255,638,680,304,365,264,260,651,756,210,262,551
"GRMZM2G026050",36,87,326,60,166,442,41,93,368,70,166,334
"GRMZM2G164967",888,365,160,1,1,1,413,478,263,1,4,2
"GRMZM2G407146",210,577,494,85,132,157,218,368,360,71,105,142
"GRMZM2G163079",67,151,200,0,1,0,70,166,247,0,0,0
"GRMZM2G079436",272,612,268,130,137,125,272,264,221,81,127,55
"GRMZM2G387341",5,53,41,2,1,0,15,25,19,0,1,0
"GRMZM2G044104",109,33,24,101,121,112,67,33,28,94,137,64
"GRMZM2G010924",421,209,110,0,2,1,268,212,111,1,1,1
"GRMZM2G456835",335,660,710,142,419,417,294,638,666,116,424,518
"GRMZM2G134476",113,222,669,849,1118,2436,88,221,686,688,981,1512
"GRMZM2G306237",118,40,19,1,2,1,69,52,30,0,3,1
"GRMZM2G026956",19,112,12,0,0,0,8,84,15,0,0,0
"GRMZM2G114471",383,205,107,1,0,0,264,119,118,0,0,0
"GRMZM2G133660",49,106,127,64,106,110,42,133,145,56,103,124
"GRMZM2G414621",63,24,34,31,15,8,27,29,58,38,24,3
"GRMZM2G112656",98,232,221,176,170,296,109,200,331,161,147,161
"GRMZM2G030542",173,333,297,151,211,235,181,258,289,120,210,196
"GRMZM2G036554",68,20,10,22,50,25,20,28,22,24,39,41
"GRMZM2G026780",102,349,323,8532,7116,5280,108,226,56,8188,9577,267
"GRMZM2G031909",6,39,15,0,0,0,6,29,0,0,0,0
"GRMZM2G427054",1150,2668,1641,430,207,116,1393,2711,2006,259,166,137
"GRMZM2G029249",13,46,33,145,122,87,22,33,26,121,124,54
"GRMZM2G346455",6506,4893,4558,3260,2916,1978,4521,4673,5147,2810,2783,1986
"GRMZM2G063464",1212,267,226,0,0,0,510,392,365,0,1,0
"GRMZM2G174699",97,415,795,0,0,0,70,786,1153,0,0,0
"GRMZM2G095382",27,117,194,1,3,1,36,83,120,2,4,2
"GRMZM2G413897",259,1023,128,4534,5283,4072,247,523,89,3732,4641,2253
"GRMZM2G094490",944,220,395,217,56,65,435,249,405,235,93,60
"GRMZM2G318530",130,55,20,24,32,28,90,46,23,18,27,25
"GRMZM2G129450",63,128,130,27,31,51,68,85,74,21,40,33
"GRMZM2G152548",364,219,255,2129,2021,3021,237,237,349,1934,2132,2258
"GRMZM2G132331",1718,723,713,604,280,247,1294,827,896,548,307,172
"GRMZM2G024806",1649,816,1098,774,732,681,1006,998,1352,664,771,539
"AC194970.5_FG001",1783,817,590,4685,4183,3937,1174,751,500,4601,4148,3008
"GRMZM2G090435",128,250,186,323,217,118,129,305,204,287,183,150
"GRMZM2G174834",103,51,31,85,90,29,64,54,36,65,69,9
"AC187157.4_FG001",129,27,21,3,1,1,70,25,28,7,6,1
"GRMZM2G086294",11,41,86,4,3,4,8,48,95,5,4,3
"GRMZM2G056629",20,103,195,9,6,5,10,139,230,5,6,2
"GRMZM2G046885",1,15,37,20,592,921,1,14,27,18,643,987
"GRMZM2G430780",3,18,10,202,205,174,8,6,10,159,174,189
"GRMZM2G421742",78,20,9,0,1,0,44,10,6,0,1,0
"AC214046.4_FG005",469,970,956,19,15,13,386,922,1158,8,8,24
"GRMZM2G128434",231,105,44,752,774,570,160,120,138,610,905,446
"GRMZM2G345622",240,638,453,1010,1655,1570,293,331,313,800,1481,1374
"AC215201.3_FG008",20,59,27,0,0,0,18,37,34,0,0,0
"GRMZM2G064590",430,153,111,1222,1126,334,228,174,116,1319,1141,233
"GRMZM2G129879",56,130,257,246,585,1553,69,105,191,190,483,1403
"GRMZM2G319875",17,2,1,0,0,0,13,4,1,0,0,0
"GRMZM2G165005",142,410,274,0,0,1,161,356,172,0,1,0
"GRMZM2G413482",13,43,56,18,17,14,18,40,61,12,21,9
"GRMZM2G030299",299,177,183,2346,1990,1952,207,197,232,2212,1960,2327
"GRMZM2G356439",14,63,50,1,1,4,24,42,66,2,3,3
"GRMZM2G060544",161,524,406,1,1,0,224,303,293,0,1,3
"GRMZM2G172605",43,104,105,175,200,187,49,77,109,157,155,187
"GRMZM2G078033",432,743,2282,2225,3270,8532,343,697,2495,2135,3556,6670
"GRMZM2G164036",775,328,396,856,505,284,698,300,466,793,431,214
"GRMZM2G041127",334,672,563,501,527,883,270,500,714,383,395,950
"GRMZM2G053916",2622,1827,1865,517,431,408,1853,2281,1986,465,432,307
"GRMZM2G133032",775,216,180,0,0,0,406,293,222,0,2,0
"GRMZM5G843555",341,712,681,54,111,123,445,515,368,70,98,154
"GRMZM2G088531",637,1686,7742,2,0,0,442,2279,9902,1,1,0
"GRMZM2G066049",7225,1935,1051,1,0,0,4726,1459,1075,0,1,0
"GRMZM2G172327",501,211,157,0,0,0,280,282,141,0,0,0
"GRMZM2G068557",9,23,20,17758,34103,15434,19,14,20,16013,34968,16404
"GRMZM6G602703",346,111,169,20,15,4,149,226,319,20,13,6
"GRMZM2G371063",3,22,22,95,76,204,2,9,46,75,105,220
"GRMZM2G168552",5551,9876,6380,50260,61509,80082,5744,11397,3006,38585,54546,96186
"GRMZM2G159171",2317,1224,1260,1156,1315,1066,1335,1438,1706,1300,1324,852
"GRMZM2G471142",113,53,41,4,1,1,84,48,47,2,0,0
"GRMZM2G160279",62,170,153,8,10,4,60,159,151,5,12,7
"GRMZM2G097788",425,1521,1000,1,0,0,581,2041,1282,0,0,0
"GRMZM2G068476",85,190,126,9,17,7,71,132,149,11,19,10
"GRMZM2G090505",243,84,68,97,31,0,145,126,128,114,49,0
"GRMZM2G145101",2864,1927,1139,4247,3128,1797,1817,2395,2038,3411,3470,1157
"GRMZM2G067575",1104,2134,2343,5812,5926,6171,1101,3497,2935,4736,5774,5443
"GRMZM2G105348",1599,665,246,341,217,79,905,1172,695,252,368,27
"GRMZM2G175995",71,282,212,108,159,150,100,176,38,55,147,129
"GRMZM2G010783",250,510,655,32,29,10,240,386,333,22,33,19
"GRMZM2G005886",268,152,122,2243,2149,1340,171,212,139,2218,2522,983
"GRMZM2G081322",147,302,342,16,22,6,116,372,315,18,24,5
"GRMZM2G113796",1323,876,816,1218,1268,1281,846,1042,1019,962,1278,845
"GRMZM2G348890",4,19,16,84,274,1017,5,23,9,64,254,655
"GRMZM5G845021",734,1964,3002,438,458,361,815,2059,2916,323,443,166
"GRMZM2G048962",751,201,161,1,0,0,320,261,231,2,1,0
"GRMZM2G095411",543,916,1228,1537,1888,1181,524,1298,929,1272,1818,1611
"GRMZM2G433767",1472,611,358,486,470,537,840,553,536,449,482,510
"GRMZM2G137046",645,350,117,1377,1490,975,528,364,133,1068,1770,805
"AC231745.1_FG003",9922,6442,8087,4302,3637,3031,7411,8055,8512,3283,3702,2714
"GRMZM2G108991",247,558,367,57,35,8,237,369,315,41,41,4
"GRMZM2G021433",137,62,62,2,2,0,69,57,92,2,5,0
"GRMZM2G110714",276,467,518,35,48,30,218,439,511,48,42,10
"AC190933.3_FG004",369,1085,272,16,46,50,310,665,94,10,48,28
"GRMZM2G422670",425,219,170,46,24,10,316,186,188,69,27,9
"GRMZM2G041308",7867,4174,4517,5,5,1,4979,5239,4335,2,3,0
"GRMZM2G085711",85,31,12,215,171,133,51,46,28,182,231,129
"GRMZM2G180419",31,136,195,109,179,338,59,130,156,101,172,263
"GRMZM2G454424",245,500,351,79,92,70,263,599,228,42,79,51
"GRMZM2G088689",3365,2015,1490,1722,1507,1242,2020,2353,1959,1259,1804,1005
"GRMZM2G001977",43,139,138,7,3,0,43,102,149,8,5,3
"GRMZM2G041866",766,347,266,13,6,0,706,356,189,28,2,0
"GRMZM2G477685",4539,7554,7420,1,0,0,4768,6884,7204,2,5,0
"GRMZM2G107101",4214,6858,9042,3570,6218,13096,3151,7812,14002,3300,6612,11397
"GRMZM2G065374",36,94,57,8003,6706,5097,41,63,64,6960,5792,4741
"GRMZM2G134903",229,127,136,100,95,90,133,192,205,100,111,69
"GRMZM2G157505",553,1303,1337,74,149,161,720,1519,1086,61,104,235
"GRMZM5G848603",1813,1317,821,2091,1874,2072,1212,1252,1048,1918,2153,1595
"GRMZM2G144581",125,271,230,396,232,55,100,195,227,385,271,46
"GRMZM2G137816",82,153,219,21871,18784,9278,89,138,109,17612,17468,4625
"GRMZM2G370026",30,96,220,48,59,93,35,83,186,41,67,71
"GRMZM6G175135",779,491,665,309,375,854,513,706,1144,303,355,692
"GRMZM2G427444",34,76,50,1232,1383,721,50,50,76,1236,1537,651
"GRMZM2G456690",215,97,98,144,181,116,127,192,161,140,195,95
"GRMZM2G081515",192,650,943,3,3,6,212,460,655,2,2,2
"GRMZM2G301885",880,391,446,2429,3322,910,478,329,647,2167,3308,1297
"GRMZM2G363545",2588,1731,1000,484,549,401,1645,1629,1403,452,582,433
"GRMZM2G038931",2665,4954,3022,102,165,53,2752,4662,3483,77,142,72
"GRMZM2G065800",53,97,88,12,18,14,52,89,88,10,21,12
"GRMZM2G366532",81,34,20,11,12,13,40,42,18,13,13,16
"GRMZM2G014022",13,48,87,44,51,89,21,41,47,28,43,76
"GRMZM2G108530",154,288,225,372,361,190,128,381,358,313,311,182
"GRMZM2G114140",28,75,86,57,94,32,20,50,64,53,104,17
"GRMZM5G860607",69,167,228,661,509,1116,39,96,270,459,575,1416
"GRMZM2G103546",14,56,36,13,43,56,25,49,47,10,47,72
"GRMZM2G024196",214,71,139,71,171,224,111,109,194,65,176,197
"GRMZM2G145041",753,576,117,1570,1278,518,548,545,151,1314,1401,378
"GRMZM2G419777",123,320,352,30,23,7,183,420,378,27,28,21
"GRMZM2G449950",137,258,419,1375,1623,1879,125,173,426,1126,1493,1772
"GRMZM2G087041",7,23,23,3851,3571,4302,13,19,19,3877,3256,4805
"GRMZM2G128564",1579,621,296,473,224,177,880,436,471,478,268,160
"GRMZM5G837869",477,336,230,1823,1856,1401,258,420,369,1883,2486,1293
"GRMZM2G310158",1278,492,177,2,5,2,787,482,186,5,4,5
"GRMZM2G078409",1042,1585,1448,1444,1667,1361,1066,1744,1587,1188,1700,973
"GRMZM2G111354",134,28,43,36,1,0,64,27,52,39,8,1
"GRMZM2G466309",74,27,20,208,107,19,35,20,21,217,153,30
"AC209835.4_FG004",394,754,626,258,353,331,359,640,737,238,446,258
"GRMZM2G493395",1437,357,111,151,697,615,720,206,54,146,709,286
"GRMZM2G008892",15,38,49,1153,991,956,22,32,56,923,950,840
"GRMZM2G412630",8,40,22,1,1,0,11,20,18,1,1,0
"GRMZM2G158647",151,435,227,4,5,1,165,258,151,3,0,3
"GRMZM2G119517",463,680,506,41,49,51,396,535,604,53,46,39
"GRMZM2G121151",26,54,32,2561,3065,2762,31,29,25,2094,2717,2812
"GRMZM2G166337",39,3,2,1,0,0,11,2,5,1,0,0
"GRMZM5G894582",279,577,474,988,683,206,233,445,402,896,666,101
"GRMZM2G158232",67,38,10,1556,996,769,73,39,9,1185,758,618
"GRMZM2G055834",596,1230,1349,190,155,27,615,1567,1494,219,164,35
"GRMZM2G324903",625,352,386,72,85,81,341,478,649,75,84,84
"GRMZM2G134941",161,332,486,3,1,0,161,275,381,2,0,0
"GRMZM2G701218",40,90,78,311,369,255,54,147,93,278,403,255
"GRMZM2G119219",985,2802,2228,1017,768,929,999,1672,1712,974,927,296
"GRMZM2G404126",432,693,641,106,142,145,353,474,511,107,143,84
"GRMZM2G033228",202,127,150,25,19,32,144,144,183,26,21,24
"GRMZM2G162537",103,418,462,78,153,110,107,475,516,72,202,85
"GRMZM2G024104",2779,1398,968,9199,1888,513,1605,1641,1215,5387,1575,469
"GRMZM2G425999",1158,1863,728,13,13,9,872,1927,780,11,17,6
"GRMZM2G321290",294,720,454,12,7,4,249,524,167,9,25,0
"GRMZM2G313020",30,73,108,17,10,7,19,96,126,17,22,6
"AC203957.3_FG004",428,716,499,322,320,437,389,578,598,217,314,315
"GRMZM2G018441",81,33,22,8224,6678,3834,38,29,6,6873,6620,4056
"GRMZM2G384755",175,81,35,52,56,22,125,69,83,49,74,15
"GRMZM2G016734",702,1086,1926,1456,2063,4410,650,1119,1835,1162,1904,3389
"GRMZM2G013970",1469,2743,2292,3042,2780,2448,1376,2655,2499,2073,2542,2627
"GRMZM2G371017",160,350,283,0,1,0,123,382,339,0,0,0
"GRMZM5G857701",213,50,47,23,18,11,135,64,39,25,24,17
"GRMZM2G043295",856,610,445,604,551,552,640,580,410,441,494,417
"GRMZM2G114523",1687,901,1010,12,14,5,1016,1257,819,12,13,9
"GRMZM2G104942",519,312,149,1088,1741,397,396,355,147,956,1836,639
"GRMZM2G129232",19,49,39,82,70,71,19,43,48,68,86,46
"GRMZM2G129399",29,65,43,9,4,0,34,59,32,7,3,1
"GRMZM2G050307",0,0,0,1060,6368,9131,2,2,1,1073,5185,6162
"GRMZM2G047677",180,400,372,6,2,10,233,263,289,3,3,3
"GRMZM2G111537",76,175,104,8,10,13,81,134,104,7,14,14
"GRMZM2G413711",4,49,17,4,0,0,9,30,8,4,0,0
"GRMZM2G423898",168,300,275,3,8,4,200,169,219,3,9,4
"GRMZM2G703783",67,136,86,152,179,126,68,136,112,124,174,140
"GRMZM2G139396",17,4,0,1,0,0,8,6,3,0,1,0
"GRMZM2G013957",550,883,692,2753,2242,1827,422,801,628,2293,1954,1418
"GRMZM2G126261",998,2171,1726,3550,3336,1622,840,1170,1475,2975,2919,1592
"GRMZM2G128212",0,9,3,66,68,18,2,2,1,67,64,36
"GRMZM2G083091",1289,555,415,122,198,177,1089,691,722,114,143,342
"GRMZM2G130053",423,176,120,10253,16422,8900,288,167,169,9219,15149,5106
"GRMZM2G113093",143,91,98,3295,2958,2711,97,110,152,3436,3454,2457
"GRMZM2G070442",16,51,27,1,0,0,12,39,10,0,0,0
"GRMZM2G378442",33,119,62,14,12,12,51,65,57,16,22,11
"GRMZM2G350020",215,44,55,4,4,2,87,48,84,5,3,1
"GRMZM2G163136",86,200,141,207,164,127,100,192,86,153,172,84
"GRMZM2G120408",1208,2116,1094,979,774,488,1090,2256,1443,710,714,356
"GRMZM2G406313",1535,944,1024,1,0,0,1458,1066,1656,0,0,0
"GRMZM2G374971",196,51,168,62,83,118,224,150,120,42,54,79
"GRMZM2G092945",201,454,43,4,4,0,214,382,100,7,5,2
"AC233788.2_FG002",231,431,335,75,67,42,271,465,302,67,73,69
"GRMZM2G037043",3,20,20,1,0,0,9,11,20,0,1,0
"GRMZM2G360681",1022,496,131,120,61,5,505,654,98,123,111,5
"GRMZM2G077858",288,512,395,192,141,61,274,606,413,122,111,23
"GRMZM2G162783",90,50,13,131,118,89,57,33,38,118,114,86
"GRMZM2G110286",6,30,37,432,494,901,3,20,69,308,626,631
"GRMZM2G091973",138,67,89,37,24,19,74,133,152,32,29,19
"AC225718.2_FG009",171,610,499,5,6,1,257,545,297,3,5,3
"GRMZM2G095725",5107,9537,7777,60,11,6,3834,10967,7312,69,19,2
"GRMZM2G033430",177,282,370,201,259,262,161,351,323,183,273,208
"GRMZM2G126007",38,14,24,0,0,0,24,24,22,0,1,0
"GRMZM5G824333",0,11,14,15,15,13,0,12,11,14,13,8
"GRMZM2G140170",226,63,40,2,1,5,97,62,64,1,1,3
"GRMZM2G145158",109,275,396,2,1,7,106,214,513,2,3,1
"GRMZM2G129083",47,119,114,147,212,245,51,78,98,135,216,178
"GRMZM2G028234",1142,1927,2141,211,186,165,981,1940,2218,168,184,91
"GRMZM2G005840",233,429,532,371,528,1179,211,321,389,294,553,1017
"GRMZM2G165255",226,400,410,967,1121,1069,205,383,348,765,983,888
"GRMZM2G118241",3003,1732,1831,2307,1617,1183,1704,1996,3045,2222,1638,1034
"GRMZM2G019356",174,484,878,38,39,60,203,304,651,23,30,39
"GRMZM5G840145",935,1553,1296,55,28,13,692,2024,1629,48,42,5
"GRMZM2G132693",30,97,95,0,0,0,58,77,70,0,0,0
"GRMZM2G384386",66,30,21,9,5,6,46,27,35,10,6,2
"GRMZM2G006964",201,96,183,64,87,271,226,72,116,42,152,124
"GRMZM2G017045",93,47,29,9019,8136,5983,65,52,27,7431,8198,4787
"GRMZM2G149422",1186,390,580,166,110,174,863,337,550,183,193,134
"GRMZM2G013045",147,268,334,2,10,8,125,373,316,1,19,6
"GRMZM2G354558",241,111,113,616,297,72,107,196,217,601,302,73
"GRMZM2G462046",8,33,23,15,25,15,8,31,12,9,27,13
"GRMZM2G393347",59,21,23,17,8,7,39,32,59,22,10,4
"GRMZM2G148772",1400,631,687,2992,3500,4768,676,964,1096,2231,3104,4038
"AC196202.3_FG007",298,174,140,22,0,0,213,175,249,21,0,0
"GRMZM2G048458",1730,1059,560,0,0,0,1566,648,888,0,1,0
"GRMZM2G007306",33,94,65,131,132,131,49,57,52,149,155,49
"GRMZM2G176840",29,59,26,5611,4981,4294,42,45,27,5725,4866,3691
"GRMZM2G130173",9190,16475,13007,11301,8151,4439,9353,17056,11033,9138,5917,4042
"GRMZM2G138523",1243,1758,1504,778,956,1054,1235,1790,1733,664,933,1029
"GRMZM2G053503",77,201,193,52,45,48,95,108,125,43,25,33
"GRMZM2G033236",264,67,442,101,68,359,172,85,435,105,61,374
"GRMZM2G002630",239,28,147,0,0,0,98,52,81,0,0,0
"GRMZM2G089241",322,135,48,13,8,8,205,178,166,23,9,1
"GRMZM5G866954",9376,6980,5304,533,591,529,5999,7620,8205,515,618,387
"GRMZM5G834286",104,232,166,31,71,80,125,254,221,45,71,63
"GRMZM2G113761",630,1584,1896,850,548,370,866,822,1496,831,690,296
"GRMZM2G015280",77,17,14,0,0,0,43,14,31,0,0,0
"GRMZM2G083810",587,278,85,438,165,30,344,332,87,369,206,48
"GRMZM2G136400",9,0,4,0,0,0,7,2,7,0,0,0
"GRMZM2G081955",1,4,1,7930,7132,7027,2,0,2,6890,6539,7580
"GRMZM2G104041",55,101,105,1481,1553,718,41,134,212,1192,1342,832
"GRMZM2G101221",191,568,455,51,17,8,347,298,213,22,21,1
"GRMZM2G078294",213,361,306,224,334,410,234,351,356,190,335,341
"GRMZM2G060896",1182,862,626,788,733,529,864,1149,972,690,818,598
"GRMZM2G038243",455,191,120,2629,1417,325,289,136,181,2756,1635,131
"GRMZM2G413044",942,1809,1550,267,355,91,792,1074,1572,240,456,38
"GRMZM2G153766",433,720,540,150,160,139,499,632,614,124,145,137
"GRMZM2G022915",181,92,34,495,644,516,106,59,37,445,521,629
"GRMZM2G472643",2581,3632,3282,907,1967,8673,2054,3536,3164,700,1952,6679
"GRMZM2G353444",53,164,241,2425,6857,26356,55,67,94,2441,6251,28908
"GRMZM5G827257",487,725,682,261,318,361,440,606,605,227,313,398
"GRMZM2G110922",1153,1896,1622,663,741,624,895,1993,2331,592,773,714
"GRMZM2G409635",110,214,252,17,13,14,133,211,255,7,10,5
"GRMZM2G330693",0,10,6,7,6,3,0,3,3,7,9,4
"GRMZM2G039988",5328,8499,11016,1352,1370,786,4680,11835,11202,1027,1327,787
"GRMZM2G175860",203,454,295,1121,1536,1883,163,223,216,867,1526,952
"GRMZM2G134049",23,74,51,11,15,30,22,51,62,11,20,21
"GRMZM2G063756",2508,4687,1523,8584,6729,3499,2508,2791,1832,7700,5871,5855
"GRMZM2G485898",4,20,11,25,18,21,2,17,6,15,26,16
"GRMZM2G037146",667,392,479,108,86,67,448,508,639,141,91,23
"GRMZM2G159768",36,10,85,352,454,1723,31,17,58,324,384,1249
"GRMZM2G005146",381,197,430,1409,2675,5559,263,252,417,1092,2218,4729
"GRMZM2G068984",1207,978,750,1914,1810,949,772,1162,1052,1849,1934,788
"GRMZM2G090568",512,260,202,5996,12573,11749,352,296,487,5272,12731,12721
"GRMZM2G181081",1352,1986,2213,413,518,1348,962,2198,3362,335,466,673
"GRMZM2G443495",877,632,398,208,174,102,468,534,435,192,167,83
"GRMZM2G047129",16,29,13,738,687,626,5,12,6,649,585,588
"GRMZM2G073982",17,2,2,0,0,0,15,2,3,0,0,0
"GRMZM2G113967",2504,1443,1424,964,725,1169,1682,985,2107,1081,1129,621
"GRMZM2G328438",164,83,61,250,203,238,153,74,82,192,193,162
"GRMZM2G169967",423,837,653,17,8,7,381,743,853,12,8,4
"GRMZM2G091124",112,256,214,868,2285,2209,120,221,386,833,2121,2351
"GRMZM2G052034",2358,1658,1219,241,88,76,1768,1611,1320,214,79,78
"GRMZM2G043602",221,101,121,1111,793,527,121,177,259,1185,910,501
"GRMZM2G179703",392,155,360,614,547,353,254,174,515,780,464,411
"GRMZM2G443885",8,84,61,0,0,0,14,47,8,0,0,0
"GRMZM2G161411",48,21,21,61,132,239,55,11,8,45,83,141
"GRMZM2G174574",942,439,477,195,359,428,515,689,793,188,304,623
"GRMZM2G080503",297,536,494,842,668,628,334,388,460,662,686,646
"GRMZM2G114322",733,1608,1553,108,250,258,893,1116,742,82,261,142
"GRMZM2G120563",2928,2112,1912,12202,11488,10022,2001,2398,2238,10162,11790,7860
"GRMZM2G066369",137,71,66,560,493,548,90,77,181,446,482,273
"GRMZM2G144083",3276,4976,5358,443,435,331,2415,5455,5967,437,410,286
"GRMZM2G428179",696,1095,877,320,247,215,605,1085,993,228,265,101
"GRMZM2G108032",532,994,515,145,87,13,598,673,433,106,107,8
"GRMZM2G475059",552,283,121,152,547,608,371,246,236,149,402,602
"GRMZM2G448142",6,50,28,1123,1168,615,35,19,22,987,1238,496
"AC197705.4_FG004",13,49,80,14,6,2,21,32,43,8,7,5
"GRMZM2G059637",1295,254,244,623,92,29,721,259,497,720,276,27
"GRMZM2G180926",125,64,41,14,16,13,68,59,53,11,12,10
"GRMZM2G099036",649,500,249,8829,7489,2893,421,540,329,7882,8537,2154
"GRMZM2G181236",185,55,29,266,498,457,109,69,26,223,439,429
"GRMZM5G850455",31,139,138,7,3,2,54,89,86,9,8,2
"GRMZM2G068688",210,105,212,1,0,0,181,136,134,0,1,1
"GRMZM2G065557",816,482,588,713,963,1074,552,715,695,568,1016,738
"GRMZM2G177220",2955,2121,2918,230,218,150,1934,3411,2579,208,292,141
"GRMZM2G063961",524,791,830,346,441,493,400,1120,1120,341,473,400
"GRMZM6G684317",186,297,197,126,182,78,178,261,194,86,168,121
"AC187896.3_FG006",64,212,791,1,1,1,50,251,921,1,2,0
"GRMZM2G104945",883,213,554,0,0,0,715,267,943,0,0,0
"GRMZM5G863645",550,378,178,2706,1522,280,280,400,150,1812,1326,410
"GRMZM2G006937",8,21,24,1426,1829,485,9,15,24,1352,1970,415
"GRMZM2G103101",4,6,8,13591,10099,5133,6,5,5,12731,9056,7455
"GRMZM2G137498",117,58,79,225,286,231,59,86,146,252,276,418
"GRMZM2G003663",264,439,434,325,278,228,230,532,499,269,250,218
"GRMZM2G034243",68,124,63,13507,9117,6093,72,112,85,11983,8330,5649
"GRMZM2G164963",4,21,58,179,259,532,10,17,65,147,250,493
"GRMZM2G352601",68,33,28,35,26,19,37,30,37,34,31,24
"GRMZM2G046782",524,1060,1149,103,112,78,536,880,1329,109,151,133
"GRMZM2G086590",792,399,419,0,0,0,573,558,580,1,0,1
"GRMZM2G110279",489,801,746,190,252,107,450,770,861,142,227,78
"GRMZM2G009048",60,23,21,9056,8755,7124,36,26,19,7984,7891,8149
"GRMZM2G139284",28,9,6,34,15,15,16,5,6,17,15,20
"GRMZM2G167220",29,77,88,219,164,124,24,65,19,230,211,49
"GRMZM2G565940",198,548,528,203,226,78,233,488,606,149,195,85
"GRMZM2G389155",186,96,28,1353,933,536,121,73,36,1035,1017,517
"GRMZM2G170047",1420,833,557,260,269,451,1223,793,566,171,203,283
"GRMZM2G170388",213,411,397,33,62,27,162,453,449,32,74,30
"GRMZM2G047762",1873,964,930,11,8,9,1740,1264,307,10,11,1
"GRMZM2G118082",3211,2649,2159,798,776,829,2206,2345,3172,843,969,715
"GRMZM2G417089",293,515,423,29,28,31,291,394,361,18,32,17
"GRMZM2G098239",339,194,240,6072,4758,2427,288,156,368,6125,4635,2093
"GRMZM2G127121",10,36,14,1,2,1,6,29,56,1,1,4
"AC233887.1_FG005",19,84,42,0,0,0,24,78,31,0,0,0
"GRMZM2G024958",26,63,68,8,17,25,31,97,45,7,30,7
"GRMZM2G053554",2116,1428,1673,3394,3139,3019,1457,1978,2446,3127,3397,2317
"GRMZM2G414569",492,769,661,117,159,164,470,644,548,99,174,147
"GRMZM2G023204",310,512,323,206,213,123,298,403,341,168,209,94
"GRMZM2G035779",610,377,428,268,256,214,330,489,571,225,257,209
"GRMZM2G407223",32,6,1,13,5,1,13,8,1,7,4,3
"GRMZM2G017223",160,297,133,3,5,1,158,348,244,3,7,0
"GRMZM2G179432",9440,5595,2983,11780,13913,8485,5782,6285,3613,9396,12598,5806
"GRMZM2G044322",96,201,99,20,26,22,83,212,106,12,29,21
"GRMZM2G039934",339,580,510,3,5,0,368,510,504,5,6,1
"GRMZM2G062129",1190,824,205,8718,8595,2985,783,1048,340,7209,8968,2189
"GRMZM2G127123",4238,3027,2324,2841,2624,1097,2648,2626,2631,2705,2718,1216
"GRMZM2G080320",61,20,17,51,29,12,32,23,39,71,46,3
"GRMZM2G420571",14,57,76,8,28,46,15,38,88,6,27,26
"AC209257.4_FG006",15,62,28,43,46,25,22,65,18,45,38,13
"GRMZM2G451716",1712,1006,1336,182,273,232,1124,997,1663,206,370,166
"GRMZM2G101004",3498,1936,2539,4554,4217,4443,2130,2599,2492,3959,4087,4654
"GRMZM2G009795",913,1420,1245,507,509,653,960,1252,1352,416,473,679
"GRMZM2G455440",176,359,179,5,2,2,183,319,244,6,6,5
"GRMZM2G070468",1975,540,169,0,0,0,995,325,496,0,0,0
"GRMZM2G024517",575,1028,622,35,23,19,526,772,593,42,52,17
"GRMZM2G138330",211,113,125,46,70,48,130,123,150,41,70,49
"GRMZM2G161673",14,27,19,12459,10678,11652,25,16,15,11479,9951,9302
"GRMZM2G014914",76433,52374,37827,11439,8975,4313,52117,55243,59835,10748,8300,4258
"GRMZM2G081682",3599,2815,2787,1185,1311,1111,2441,3383,3725,1057,1337,915
"GRMZM2G128641",810,590,450,895,653,457,540,536,694,773,764,257
"GRMZM2G025742",8,23,4,170,268,244,10,26,10,169,300,251
"GRMZM2G301932",338,207,165,957,927,1135,220,187,194,815,956,648
"GRMZM5G875238",2,3,4,11689,17204,10378,2,0,2,11824,13550,16677
"GRMZM2G115721",45,26,21,7,1,0,36,19,30,9,4,0
"GRMZM2G030712",12,43,11,266,352,480,12,14,11,196,344,163
"GRMZM5G801949",1929,785,645,1965,1292,861,1010,665,1014,1729,1377,1023
"GRMZM2G085661",153,503,41,1763,929,221,71,237,48,2260,965,67
"GRMZM2G016462",229,426,806,17,67,139,243,621,812,15,87,80
"GRMZM2G037209",231,440,368,127,252,249,189,430,270,108,241,130
"GRMZM2G033413",766,488,510,206,159,227,526,722,693,183,156,163
"GRMZM5G841684",30,82,50,26,126,185,36,40,62,40,101,151
"GRMZM2G028110",100,251,368,100,41,24,100,210,172,61,63,13
"GRMZM2G371079",652,255,426,24,34,30,439,256,534,33,37,18
"GRMZM2G170101",153,267,430,106,167,252,114,309,439,75,162,206
"GRMZM2G590027",227,450,373,89,165,220,264,353,369,74,122,208
"GRMZM2G445057",162,273,520,836,1034,1932,199,283,648,867,1217,1459
"GRMZM2G055263",117,38,24,2,2,2,68,39,37,1,4,2
"GRMZM2G171622",1582,1194,1213,653,665,645,1077,1279,1411,468,764,534
"GRMZM2G327247",4,19,15,7,11,7,6,12,9,5,9,1
"GRMZM2G106730",436,270,278,305,343,283,258,346,428,282,318,213
"GRMZM2G134628",1128,787,646,560,621,305,687,898,865,459,629,311
"GRMZM2G079613",402,862,712,181,174,240,341,1048,1117,174,204,177
"GRMZM2G127524",659,397,450,30,9,1,435,366,871,31,34,0
"GRMZM2G004377",3826,1761,2364,2093,2420,1945,1896,2575,3839,1916,2705,1384
"GRMZM2G047626",1465,2373,1605,1041,791,392,1316,3213,2141,763,637,477
"GRMZM2G035131",1151,690,715,216,257,244,749,652,1015,186,287,218
"GRMZM2G061018",456,282,268,89,112,124,317,285,331,82,116,109
"GRMZM2G118919",34,10,6,0,0,0,16,7,6,1,0,0
