,D3E,D3I,D3M,ND3E,ND3I,ND3M
Phvul.001G001500,517,723,1702,317,473,1443
Phvul.001G006300,230,3153,5903,2389,14255,26506
Phvul.001G009300,465,229,749,396,191,605
Phvul.001G012700,33140,46393,2024,66,356,64
Phvul.001G012800,9584,8180,282,20,82,13
Phvul.001G015100,590,259,593,555,222,439
Phvul.001G017400,837,1248,336,182,810,545
CUFF.109.2,466,369,1591,465,263,1125
Phvul.001G020700,47,43,191,48,15,105
Phvul.001G026400,1226,590,6,1232,1040,6
Phvul.001G037100,36,8,116,87,28,163
Phvul.001G039700,197,759,32,145,822,34
Phvul.001G043100,29,2,1,64,4,2
Phvul.001G049600,58,16,141,40,14,65
Phvul.001G060300,376,172,717,364,145,476
Phvul.001G064000,17550,17361,4693,23749,20742,8527
Phvul.001G077000,4051,1183,421,5863,781,485
Phvul.001G082000,1865,58,95,2227,56,37
Phvul.001G082800,63,220,25,52,277,81
Phvul.001G083000,5994,9197,97,54,257,67
Phvul.001G085200,3109,623,620,4023,775,1231
Phvul.001G088700,679,156,598,320,152,337
Phvul.001G093400,122,116,0,60,45,0
Phvul.001G100200,1958,65,3011,2481,42,1849
Phvul.001G107400,22,10,346,17,10,218
CUFF.678.1,228,85,118,110,50,60
Phvul.001G110400,1053,330,44,553,375,39
Phvul.001G111000,3472,3211,761,3928,3544,1571
Phvul.001G111700,1940,1507,657,1307,1395,714
Phvul.001G112100,200,61,334,108,55,123
Phvul.001G114800,712,209,51,782,138,100
Phvul.001G125900,1462,2518,40,155,71,25
Phvul.001G126600,61,2,10,91,1,3
CUFF.800.1,413,342,256,204,135,158
Phvul.001G131600,25,16,1082,14,22,531
Phvul.001G135600,1478,697,1177,1462,759,818
Phvul.001G146300,350,48,566,308,80,340
Phvul.001G147700,51,13,610,31,10,250
Phvul.001G151600,887,559,1626,689,421,1364
Phvul.001G154100,148,128,311,131,103,283
Phvul.001G160100,37,3,0,82,1,0
Phvul.001G160500,15,6,0,57,7,1
Phvul.001G164400,155,45,72,68,77,53
Phvul.001G168700,113,90,83,92,22,73
Phvul.001G173300,3817,659,5,6077,582,5
Phvul.001G176300,558,459,194,243,509,166
Phvul.001G177700,2984,5453,288,664,1964,505
Phvul.001G184600,12,4,529,9,7,136
Phvul.001G185500,13,42,361,18,50,530
Phvul.001G185800,279,161,3,243,269,11
Phvul.001G197800,114,248,42,138,207,89
Phvul.001G205900,13,6,236,15,5,118
Phvul.001G213600,69,3,282,69,4,164
Phvul.001G215300,1,9,710,2,6,301
Phvul.001G216300,676,336,583,22,13,10
Phvul.001G219000,753,513,226,938,602,447
Phvul.001G220300,773,623,1543,596,423,1154
Phvul.001G221400,97,67,1559,113,70,1110
Phvul.001G221700,4139,5843,140,5006,7460,526
Phvul.001G226600,237,196,3148,222,161,1792
Phvul.001G227900,147,154,64,70,39,32
Phvul.001G229600,856,391,11,848,691,28
Phvul.001G229700,233,73,52,316,224,37
Phvul.001G230500,426,206,333,378,195,207
Phvul.001G235800,599,295,36,875,421,67
Phvul.001G243900,391,130,211,286,104,132
Phvul.001G246200,970,1271,1264,1062,1354,2306
Phvul.001G246900,559,783,19084,340,834,17942
Phvul.001G247600,20,3,0,161,5,1
Phvul.001G248200,13,55,0,39,221,0
Phvul.001G250300,160,1389,1,155,966,1
Phvul.001G251400,446,174,181,156,186,94
Phvul.001G252900,1105,460,1053,728,794,970
Phvul.001G254300,7,91,24,9,40,14
Phvul.001G254400,125,288,98,92,169,83
Phvul.001G258000,67,40,35,100,62,71
Phvul.001G262400,1944,1408,63,2143,2445,109
Phvul.001G267000,2112,482,1443,2012,453,878
Phvul.001G001700,657,363,105,488,220,93
Phvul.001G009700,11,15,156,14,9,98
Phvul.001G011800,229,231,887,150,218,837
Phvul.001G029100,511,61,166,607,104,258
Phvul.001G036700,338,83,49,563,137,76
Phvul.001G038400,895,185,5,629,174,9
Phvul.001G055800,381,181,873,338,145,676
Phvul.001G074200,242,8,112,209,11,52
Phvul.001G076400,1153,608,2108,857,493,1662
Phvul.001G077400,100,480,1210,133,442,650
Phvul.001G078400,10,0,116,9,2,76
Phvul.001G080700,605,445,655,1119,470,775
Phvul.001G102300,4717,5129,106,475,858,78
Phvul.001G103300,1320,1024,351,1436,1287,599
Phvul.001G103800,13,35,246,13,38,176
Phvul.001G117200,359,73,268,137,73,186
Phvul.001G118300,4835,1139,12037,5599,2096,14159
Phvul.001G120700,480,98,386,734,100,465
Phvul.001G131100,856,352,976,842,280,820
Phvul.001G145800,51,2,1,26,0,0
Phvul.001G146800,34,33,2,10,9,3
Phvul.001G148000,1,1,127,0,1,61
Phvul.001G154500,21,11,155,15,10,67
Phvul.001G165500,513,490,424,442,389,329
Phvul.001G167400,1378,655,2337,1196,556,1983
Phvul.001G168900,88,12,3,19,7,2
Phvul.001G172900,333,1061,2014,495,1325,2510
Phvul.001G188900,168,32,292,125,37,176
Phvul.001G192200,2247,1867,77,3,22,4
Phvul.001G194700,70,8,31,30,19,26
Phvul.001G202400,881,259,60,603,275,3
Phvul.001G202500,3738,3558,3548,40,57,46
Phvul.001G212700,25,10,11,27,9,39
Phvul.001G221500,458,771,270,293,632,353
Phvul.001G225000,174,76,635,192,68,337
Phvul.001G229500,5260,3534,833,2957,1837,443
Phvul.001G230200,1817,227,729,365,353,310
Phvul.001G230300,979,524,50,700,415,35
Phvul.001G234300,1325,811,938,1453,1043,1484
Phvul.001G246300,6,2,9,28,9,47
Phvul.001G248300,15,142,1,7,217,1
Phvul.001G248400,771,643,1071,1857,585,2544
Phvul.001G253500,576,209,362,374,184,257
Phvul.001G254200,96,86,2552,122,56,1680
Phvul.001G255500,340,299,697,522,505,1041
Phvul.001G256200,16,9,10,16,15,31
Phvul.001G257300,4140,4822,4742,4048,5787,8873
Phvul.001G257400,178,273,447,337,409,1117
Phvul.001G258200,6,44,18,12,30,13
Phvul.001G258300,652,516,121,1172,909,384
Phvul.001G263300,489,134,970,1014,142,1260
Phvul.001G265600,1233,16643,34379,1699,14826,36870
CUFF.258.1,290,191,387,161,226,223
CUFF.404.1,0,0,0,2,1,6
CUFF.1199.1,17,0,125,19,1,79
Phvul.002G020200,4,11,453,2,23,1125
Phvul.002G020600,46,131,421,59,131,259
Phvul.002G022300,146,168,48,1256,750,215
CUFF.1676.1,203,110,55,224,191,75
Phvul.002G025500,56,2,27,43,3,215
Phvul.002G026800,218,125,124,126,106,96
Phvul.002G027900,130,271,1677,120,176,1193
Phvul.002G028400,2,2,1,3,0,3
Phvul.002G029700,61,130,323,24,62,327
Phvul.002G030900,62,5,0,105,14,0
Phvul.002G035300,206,9,32,421,3,31
Phvul.002G037900,747,359,905,633,338,821
Phvul.002G039100,1472,2274,41,40,29,4
Phvul.002G039200,687,763,126,6,14,3
Phvul.002G043800,707,637,1453,528,416,1235
Phvul.002G052800,49,326,64,35,424,192
Phvul.002G057800,1727,692,2536,1519,546,2046
Phvul.002G063700,221,106,20,84,32,19
Phvul.002G068000,0,1,15,1,2,50
CUFF.1904.2,81,61,2,225,88,3
Phvul.002G071900,1407,739,1666,1430,535,1438
Phvul.002G085500,100,152,1237,68,147,751
Phvul.002G093100,211,193,226,131,258,243
Phvul.002G097000,125,12,8,82,12,6
Phvul.002G097100,112,694,2635,56,445,2802
Phvul.002G104800,3959,4010,6896,1018,212,1854
Phvul.002G109000,102,574,10,106,1046,40
Phvul.002G111300,1368,4384,370,1154,4401,788
Phvul.002G111400,1804,1657,2318,2263,1899,3203
CUFF.2210.1,13,12,39,4,6,9
Phvul.002G122200,95,170,485,189,185,807
Phvul.002G124500,522,63,99,85,40,68
Phvul.002G140100,1424,1614,2336,1001,746,2013
Phvul.002G151100,427,414,19,40,18,7
Phvul.002G156900,27,42,6121,25,38,4396
Phvul.002G158700,49,0,0,50,1,0
Phvul.002G170200,4448,196,432,5746,177,231
Phvul.002G188600,41,58,419,34,66,223
Phvul.002G188700,673,168,14,282,88,3
Phvul.002G200000,2015,99,2,1869,36,2
Phvul.002G203700,13,6,7,13,2,5
Phvul.002G203800,17,20,17,19,0,11
Phvul.002G207500,2845,3661,2338,2378,4722,3912
Phvul.002G211000,834,274,47,523,233,43
Phvul.002G216400,375,295,372,388,323,720
Phvul.002G218700,30738,55977,357,146,709,65
Phvul.002G225300,419,209,73,108,56,38
Phvul.002G231500,151,1011,41,146,1438,43
Phvul.002G234300,30,26,7,69,54,3
Phvul.002G235600,356,96,773,224,102,703
Phvul.002G235700,242,17,16,134,18,17
Phvul.002G237900,853,686,321,553,441,297
Phvul.002G239300,1639,2713,2541,1776,2943,3959
Phvul.002G245500,614,248,648,419,227,424
Phvul.002G247600,798,325,713,700,267,569
Phvul.002G260400,285,257,118,45,31,67
Phvul.002G261700,2842,1202,244,2052,1679,561
Phvul.002G261900,113,9,0,43,8,1
Phvul.002G270700,396,958,2711,772,1203,5066
Phvul.002G278500,2183,286,6,2191,173,9
Phvul.002G283100,34,2,13,22,5,56
Phvul.002G296300,296,145,1543,215,131,1121
Phvul.002G301600,145,351,1760,136,270,1298
Phvul.002G314300,288,119,411,214,87,234
Phvul.002G316200,81,65,9,30,54,18
Phvul.002G327800,987,446,27,757,432,203
Phvul.002G330700,2988,4156,2230,4207,4906,2783
Phvul.002G003000,467,242,1123,550,198,860
Phvul.002G006200,162,73,253,130,85,160
Phvul.002G018600,679,263,5,1173,326,12
Phvul.002G020900,5,1,14,20,10,73
Phvul.002G021800,57,12,348,221,26,272
Phvul.002G022200,4205,5877,3389,2004,2501,1542
Phvul.002G023300,605,487,221,753,686,381
Phvul.002G026400,1197,451,191,796,330,117
Phvul.002G029900,64,21,349,38,12,189
Phvul.002G030500,259,322,77,330,412,232
Phvul.002G031100,50,53,541,31,34,296
Phvul.002G038600,3222,4502,54,89,68,10
Phvul.002G038700,6274,10448,549,34,146,33
Phvul.002G038800,1135,1957,34,9,29,6
Phvul.002G038900,203,600,23,1,10,2
Phvul.002G039000,875,1841,18,9,19,4
Phvul.002G039300,1033,2041,71,23,29,4
Phvul.002G040100,371,425,95,31,37,26
Phvul.002G048400,302,262,20,261,427,16
Phvul.002G052600,2574,1164,175,2490,1213,312
Phvul.002G057500,111,43,0,138,111,0
Phvul.002G084500,535,51,2025,532,61,1130
Phvul.002G092100,76,83,10,0,1,0
Phvul.002G104500,229,76,457,134,64,275
Phvul.002G105800,34,67,21,3,25,12
Phvul.002G107300,176,497,2,138,328,5
Phvul.002G107700,214,11,21,180,17,49
Phvul.002G108900,896,444,1764,1016,364,1243
Phvul.002G111900,26,17,9571,18,11,7184
Phvul.002G127300,232,116,160,248,129,93
Phvul.002G127400,601,158,840,228,110,479
Phvul.002G132200,2515,1120,444,449,216,96
Phvul.002G132800,371,1100,847,195,1003,566
Phvul.002G133900,77,60,93,31,29,60
Phvul.002G140800,413,271,72,445,383,39
Phvul.002G143100,834,130,2947,273,138,1495
Phvul.002G144800,126,5,109,157,7,53
Phvul.002G150000,248,93,722,232,104,388
Phvul.002G152700,4052,7067,39,8,91,9
Phvul.002G158800,59,67,150,86,92,354
Phvul.002G163500,91,25,10,2,1,0
CUFF.2526.1,33,1271,13,136,1573,20
Phvul.002G175900,454,320,349,17,14,39
Phvul.002G176300,204,161,641,232,155,402
Phvul.002G184300,1923,3913,13,45,46,1
Phvul.002G184400,132,239,657,201,391,949
Phvul.002G189000,40,0,0,62,1,3
Phvul.002G189700,1479,913,4016,1582,862,2972
Phvul.002G191300,371,140,553,339,123,380
Phvul.002G196100,134,4,0,539,5,0
Phvul.002G200700,1157,51,1,1127,25,0
Phvul.002G200800,1302,126,0,1084,49,0
Phvul.002G201700,956,126,336,1069,167,191
Phvul.002G211100,616,59,585,614,57,413
Phvul.002G214100,1453,2193,8810,790,2005,6831
Phvul.002G214300,1612,1082,1118,1078,696,1242
Phvul.002G215000,16,7,64,21,6,23
Phvul.002G219400,684,103,46,162,171,32
Phvul.002G221300,512,216,187,219,227,183
Phvul.002G221900,7345,116,8,5410,62,4
Phvul.002G232200,687,279,922,464,189,717
Phvul.002G235900,580,514,57,203,82,89
Phvul.002G239800,59,4,3254,73,9,1778
Phvul.002G243300,5,2,1656,3,1,557
Phvul.002G250600,36,75,4,37,37,7
Phvul.002G250700,810,444,232,839,620,128
Phvul.002G258500,296,149,4988,187,119,2436
Phvul.002G261800,157,938,117,114,956,276
Phvul.002G263100,557,424,1098,666,403,1859
Phvul.002G263700,241,87,278,121,53,177
Phvul.002G266300,405,238,815,430,187,604
Phvul.002G269900,562,256,264,311,450,240
Phvul.002G276600,1085,971,132,481,543,136
CUFF.3067.5,908,725,4,1072,1047,8
Phvul.002G280400,87,112,407,92,143,194
Phvul.002G287800,80,59,99,129,58,161
Phvul.002G289100,883,2108,66,329,1411,173
Phvul.002G304500,792,730,79,919,784,166
Phvul.002G306000,249,31,28,521,41,26
Phvul.002G313600,1468,1310,742,68,256,239
Phvul.002G324500,1055,449,1570,946,344,993
Phvul.002G326600,132,31,6,328,38,12
Phvul.002G327700,933,1961,1042,716,1032,1151
Phvul.002G332100,400,158,125,421,212,181
CUFF.1900.1,19,4,32,8,2,23
CUFF.3086.1,460,54,22,958,56,28
Phvul.003G005200,1,1,30,0,0,63
Phvul.003G005700,1757,18,1,1064,19,1
Phvul.003G005800,184,107,439,144,63,240
Phvul.003G006400,295,1191,5044,598,2241,4919
Phvul.003G006500,2,3,3,9,39,34
Phvul.003G010000,425,408,39,683,664,76
Phvul.003G011500,0,4,255,0,5,97
Phvul.003G011800,1838,1647,1074,1362,1200,634
Phvul.003G011900,133,470,3359,713,1552,5358
Phvul.003G015700,129,579,6,119,807,28
Phvul.003G019700,1780,155,572,2019,265,1035
Phvul.003G020500,326,179,39793,345,173,21682
Phvul.003G020700,730,138,35031,750,120,19786
Phvul.003G020800,1692,578,952,1659,302,680
Phvul.003G021000,743,618,3104,304,240,2967
Phvul.003G021400,497,368,11,807,690,30
Phvul.003G023000,596,405,1722,313,207,1278
Phvul.003G024000,138,157,242,159,151,142
Phvul.003G024900,458,567,35,481,546,125
Phvul.003G025900,3496,5280,1289,4126,6798,2212
Phvul.003G027500,433,256,401,604,446,1017
Phvul.003G028300,937,474,1472,678,331,1269
Phvul.003G028400,2387,3072,536,1423,4048,2373
Phvul.003G028600,495,285,47,266,255,58
Phvul.003G029700,371,274,23,495,441,75
Phvul.003G036600,0,0,0,6,1,4
Phvul.003G039500,51,28,0,51,8,0
Phvul.003G045700,2112,872,2615,1590,636,2073
Phvul.003G056700,1,31,0,1,112,0
Phvul.003G060300,749,679,21,514,710,73
Phvul.003G066500,86,332,19,11,9,9
Phvul.003G066600,189,957,67,15,23,42
Phvul.003G077400,399,277,61,133,72,39
Phvul.003G080400,1358,2045,284,1441,2353,567
Phvul.003G090100,11,1,7,18,1,5
Phvul.003G096300,35,109,3,16,44,1
Phvul.003G098100,132,234,149,90,112,103
Phvul.003G101200,164,556,55,123,837,34
Phvul.003G103100,112,72,242,75,46,170
Phvul.003G105800,259,77,101,97,90,67
CUFF.4006.1,234,160,133,84,56,43
Phvul.003G124200,22,5,1,0,0,0
Phvul.003G127500,28861,24173,2049,16099,12384,2500
Phvul.003G128800,171,85,691,163,57,465
Phvul.003G136200,24,28,35,203,135,66
Phvul.003G142000,59,216,3,73,414,3
Phvul.003G147700,55,121,719,106,142,1348
Phvul.003G150200,268,223,344,383,254,376
Phvul.003G152200,2307,3311,1129,20,1039,1221
Phvul.003G153200,372,183,124,484,240,242
Phvul.003G157000,447,550,253,782,789,423
Phvul.003G157600,872,670,1808,620,535,1386
Phvul.003G158800,7,12,15,13,27,40
CUFF.4301.2,587,298,2088,213,109,501
Phvul.003G162200,7994,11867,7124,14803,16446,12543
Phvul.003G163200,187,53,151,231,77,304
Phvul.003G165100,854,464,176,86,73,3
CUFF.4339.2,54,66,42,115,138,105
Phvul.003G168600,1458,770,1717,1220,597,1481
Phvul.003G168700,794,604,417,1158,650,571
Phvul.003G177700,34,4,359,38,10,214
Phvul.003G179100,290,74,9,165,73,7
Phvul.003G180100,671,428,105,755,565,215
Phvul.003G180600,703,594,123,950,916,248
Phvul.003G181400,440,445,450,783,643,746
Phvul.003G182400,800,1308,695,1268,1590,968
Phvul.003G183200,869,1154,1438,1162,2042,2182
Phvul.003G184200,49,8,47,100,12,54
Phvul.003G184300,1218,1443,1234,2411,2059,2068
Phvul.003G185600,589,300,835,472,235,633
Phvul.003G186700,988,656,980,425,272,512
Phvul.003G187800,224,168,710,296,185,404
Phvul.003G192500,76,49,78,46,31,34
Phvul.003G192900,1370,576,1697,1165,445,3674
Phvul.003G193600,225,82,955,1198,428,3743
CUFF.4512.2,17,11,25,22,20,79
Phvul.003G197400,3702,9307,226,9820,8562,288
Phvul.003G199200,90,47,174,75,42,206
Phvul.003G199900,45,181,16,37,192,41
Phvul.003G203900,92,237,67,86,341,120
Phvul.003G204400,42,13,1587,34,9,985
Phvul.003G205700,256,403,326,268,458,584
Phvul.003G206400,29,9,1,37,49,1
Phvul.003G207200,519,65,1167,567,90,833
Phvul.003G208300,357,350,851,339,324,409
CUFF.4616.1,8,13,1,68,45,25
Phvul.003G212100,942,284,0,688,265,1
Phvul.003G215600,811,1466,179,440,1587,351
Phvul.003G220400,1621,254,49,1749,151,59
Phvul.003G221300,1800,806,3321,1669,665,2547
Phvul.003G230100,697,389,24,1144,502,36
Phvul.003G231100,105,238,16,209,307,23
Phvul.003G237800,9,6,18,37,12,27
Phvul.003G244200,346,256,841,361,207,531
Phvul.003G249200,166,262,142,362,367,218
Phvul.003G249600,476,333,134,342,407,144
Phvul.003G249800,10072,4711,389,11467,5388,666
Phvul.003G250100,392,119,4,99,37,5
Phvul.003G251300,11,15,404,9,13,198
Phvul.003G252700,1275,370,1138,858,432,830
Phvul.003G263300,280,61,131,65,77,75
Phvul.003G271400,497,530,496,771,717,828
Phvul.003G271800,407,56,87,444,49,73
Phvul.003G275100,1152,478,929,690,444,828
Phvul.003G275700,220,193,560,145,124,378
Phvul.003G277600,36,598,4,12,823,26
Phvul.003G288100,129,66,20,74,41,13
Phvul.003G291500,399,115,173,130,135,152
Phvul.003G004300,3,2,24,9,16,147
Phvul.003G005600,178,14,1,124,33,26
Phvul.003G007200,322,88,289,350,166,175
Phvul.003G007600,410,260,173,458,327,297
Phvul.003G008900,1152,996,1374,945,789,1044
Phvul.003G011100,29,2,23,119,5,4
Phvul.003G012800,70,27,15,141,23,16
Phvul.003G015200,429,199,12,298,116,9
Phvul.003G015300,5123,103,2,4780,41,2
Phvul.003G019100,4348,3994,3588,2314,2012,3101
CUFF.3483.1,4553,213,2,4250,79,2
Phvul.003G020000,30,14,10,27,13,111
Phvul.003G020300,939,98,7468,1169,203,6633
Phvul.003G020900,464,529,119,3,4,1
Phvul.003G021600,238,237,30,343,382,45
Phvul.003G021900,57,21,3,0,0,0
Phvul.003G022000,83,67,31,108,96,108
Phvul.003G022100,148,93,68,357,154,247
Phvul.003G030200,31,3,0,528,8,0
Phvul.003G030800,2175,423,62,2135,532,156
Phvul.003G031200,706,703,480,910,834,772
Phvul.003G031400,17,81,97,44,118,124
Phvul.003G033700,111,33,4,104,65,113
Phvul.003G034400,46,27,13,93,39,22
CUFF.3583.1,1947,1651,2178,3456,1999,2272
CUFF.3589.1,2192,1877,1814,3993,2715,2384
Phvul.003G041200,952,123,0,529,85,0
Phvul.003G042300,373,116,65,64,26,69
Phvul.003G045600,1030,35,12224,813,48,6376
Phvul.003G046100,207,196,129,187,105,92
Phvul.003G046900,4,24,10,4,75,17
Phvul.003G062600,180,70,107,22,11,23
Phvul.003G064700,142,61,98,366,62,132
Phvul.003G070000,270,10,0,129,8,0
Phvul.003G071300,2337,3459,64,73,62,78
Phvul.003G076000,2366,4776,1728,2596,4129,3893
Phvul.003G080800,5056,4486,7499,3227,3570,7595
Phvul.003G081700,707,510,134,526,402,254
Phvul.003G085400,46,110,339,64,133,660
Phvul.003G091600,164,135,6,189,247,4
Phvul.003G096700,288,267,1308,305,154,731
Phvul.003G096800,29,216,111,45,276,213
Phvul.003G100200,1470,593,3286,1281,466,1877
Phvul.003G109000,256,13,27,778,26,33
Phvul.003G109100,761,486,116,1273,652,134
Phvul.003G110400,810,447,78,1102,689,133
Phvul.003G111800,546,27,71,970,53,60
Phvul.003G112900,524,5281,3731,573,6700,8568
Phvul.003G119100,357,201,601,279,115,391
Phvul.003G120500,25,12,192,123,44,234
Phvul.003G142700,1687,1750,4969,1545,1210,3298
Phvul.003G148600,684,874,238,0,7,3
Phvul.003G151400,202,14,0,424,23,0
Phvul.003G151600,490,500,13,252,454,23
Phvul.003G154200,401,356,104,296,287,59
Phvul.003G154800,252,375,1676,185,207,1289
Phvul.003G157100,181,79,533,433,330,1295
Phvul.003G159500,137,112,193,86,60,79
Phvul.003G159600,538,273,331,1229,767,823
Phvul.003G163300,45,823,4072,110,1325,6401
Phvul.003G164900,380,219,608,153,73,199
Phvul.003G167800,530,393,1129,297,470,1138
Phvul.003G168000,978,441,62,1528,600,105
Phvul.003G168800,1013,153,706,712,195,467
Phvul.003G168900,243,95,67,132,59,27
Phvul.003G169800,1970,3218,10555,2593,4880,15420
Phvul.003G172500,116,126,1432,85,63,1012
Phvul.003G174200,6041,4591,15858,101,258,679
Phvul.003G178200,383,293,246,326,250,170
Phvul.003G182000,429,253,262,601,443,468
Phvul.003G182700,195,173,1018,267,280,1438
Phvul.003G191600,241,168,277,224,138,227
Phvul.003G192700,21,153,89,37,74,92
Phvul.003G193000,118,110,49,119,126,92
Phvul.003G194100,117,32,50,74,24,24
Phvul.003G196300,138,196,1047,133,156,602
Phvul.003G196500,85,74,117,127,122,227
Phvul.003G202300,1365,525,2973,1042,357,1914
Phvul.003G207400,1969,1650,251,1716,1818,470
Phvul.003G218600,474,78,0,834,68,0
Phvul.003G219200,61,7,61,49,5,23
Phvul.003G221100,160,198,238,7,3,133
Phvul.003G222400,995,965,28,18,28,26
Phvul.003G224800,451,38,0,930,32,0
Phvul.003G225100,2232,300,10,1842,189,8
Phvul.003G228400,42,17,1,0,0,0
Phvul.003G238700,288,58,1,489,29,1
Phvul.003G240800,2315,1254,836,1247,798,835
Phvul.003G252400,96,75,7,31,22,4
Phvul.003G261900,35060,40491,3193,1556,2241,3651
Phvul.003G263600,407,311,264,699,310,262
Phvul.003G263900,38,33,278,34,23,175
Phvul.003G267100,370,425,26,254,284,44
Phvul.003G267200,222,182,654,288,188,1003
Phvul.003G276600,163,35,1280,167,42,677
Phvul.003G277000,2529,1288,604,1683,858,702
Phvul.003G286600,311,304,213,394,403,409
CUFF.3677.1,3,46,121,1,51,245
CUFF.3889.1,45,27,33,24,10,8
CUFF.4230.1,200,393,22,288,938,35
CUFF.4368.1,66,2,6,32,1,7
CUFF.4969.1,0,0,1,0,0,0
Phvul.004G002000,690,367,1007,341,405,956
Phvul.004G005800,35,38,9,3,4,10
Phvul.004G019900,2450,2825,21,1251,2145,15
Phvul.004G031400,266,3,82,292,7,26
Phvul.004G035000,419,330,112,262,303,145
Phvul.004G042600,642,469,118,438,601,135
Phvul.004G042800,389,3,1,200,2,0
Phvul.004G045000,945,706,1765,791,330,1548
Phvul.004G045600,442,116,487,211,129,324
CUFF.5253.1,42,38,1,54,105,2
Phvul.004G046500,35,45,6,66,97,25
Phvul.004G048800,283,216,219,354,283,487
Phvul.004G053600,1628,646,153,1658,927,332
Phvul.004G056600,31,24,448,22,19,172
Phvul.004G062600,6,72,5,5,124,16
Phvul.004G073400,100,190,184,90,335,252
Phvul.004G078400,43,21,132,14,20,64
Phvul.004G085100,3203,1442,3449,4211,949,2821
Phvul.004G086400,22,180,27,117,338,226
Phvul.004G090200,701,104,114,572,163,154
Phvul.004G090800,18,6,398,9,16,157
Phvul.004G093000,64,67,3,76,106,2
Phvul.004G094500,755,169,384,298,173,487
Phvul.004G094600,9437,4493,39490,5729,4136,38386
Phvul.004G094700,24,9,79,21,6,29
Phvul.004G097500,42,32,131,45,29,63
Phvul.004G097700,2,1,111,2,1,59
Phvul.004G100800,170,292,54,92,194,34
Phvul.004G101800,0,0,0,13,3,4
Phvul.004G102700,434,67,1,624,52,2
Phvul.004G111400,293,107,649,182,110,511
Phvul.004G111500,26,65,682,26,126,1137
Phvul.004G111900,96,15,2,223,15,4
Phvul.004G117100,34,9,956,39,4,250
CUFF.5716.1,0,0,0,62,4,35
Phvul.004G117600,284,35,21,469,51,24
Phvul.004G119400,104,62,8,128,121,13
CUFF.5724.1,96,22,220,97,23,108
Phvul.004G122000,32,25,28,55,50,45
Phvul.004G123200,834,348,703,810,290,474
Phvul.004G127500,4618,866,42,6482,994,83
Phvul.004G129100,431,221,444,303,193,336
Phvul.004G130100,912,744,18,617,604,17
Phvul.004G134000,15,1340,2368,11,785,1345
Phvul.004G134100,17,914,542,24,570,430
Phvul.004G142400,52,15,566,57,10,236
Phvul.004G144400,243,507,217,21,38,204
Phvul.004G149000,284,87,112,126,112,78
Phvul.004G157900,93,21,17,26,33,17
Phvul.004G162300,45,151,17,2,32,19
Phvul.004G163300,246,37,15,42,104,6
Phvul.004G174600,328,18,29,718,13,41
Phvul.004G174800,10659,5459,1086,20424,7417,2464
Phvul.004G001700,669,222,1059,424,189,666
Phvul.004G002100,830,418,281,534,388,290
Phvul.004G006500,3713,3822,7425,2458,2541,6979
Phvul.004G006700,1105,383,196,633,624,173
Phvul.004G011600,857,245,301,659,301,254
Phvul.004G012500,3717,6657,1212,2466,4859,1234
Phvul.004G017600,225,110,348,201,89,242
Phvul.004G019400,2440,1310,5251,2010,937,4297
Phvul.004G022500,441,304,452,419,262,366
Phvul.004G023100,70,132,585,74,112,498
Phvul.004G026600,262,302,486,284,292,330
Phvul.004G031300,1818,568,1419,850,724,698
Phvul.004G032900,1165,1418,701,970,933,791
Phvul.004G034200,230,114,687,166,98,388
CUFF.5219.1,122,515,107,131,794,271
Phvul.004G035700,240,81,54,287,111,111
Phvul.004G037200,240,65,1,352,109,1
Phvul.004G038800,202,127,601,211,125,396
Phvul.004G041400,29,319,111,23,367,224
Phvul.004G057100,6957,163,9,5748,87,4
Phvul.004G064700,1075,1266,581,1605,1806,1072
Phvul.004G076100,43,3,1,192,6,1
Phvul.004G079500,307,345,167,271,372,312
Phvul.004G086800,76,100,59,45,72,33
Phvul.004G098300,346,555,19,623,513,13
Phvul.004G100900,185,148,600,192,114,473
Phvul.004G104200,150,54,2,186,91,4
Phvul.004G108900,2238,412,2906,2215,446,2068
Phvul.004G114300,3,0,98,2,0,47
Phvul.004G118200,791,1202,1233,821,1599,2461
Phvul.004G128200,5543,4568,528,5826,5695,950
Phvul.004G129400,8,719,57,6,208,36
Phvul.004G131000,1112,40,2,3483,25,5
Phvul.004G133900,4,861,1534,4,597,1068
Phvul.004G145500,4713,9207,13773,3434,4468,7755
Phvul.004G156000,66,49,1174,45,36,614
Phvul.004G158800,26,6,1650,15,7,863
Phvul.004G159900,157,21,6,269,34,3
Phvul.004G161500,391,740,921,449,820,687
Phvul.004G163600,321,31,213,281,34,88
Phvul.004G174300,28,11,0,52,17,0
Phvul.004G177100,278,527,34,258,552,97
CUFF.5406.1,0,1,9,0,1,33
CUFF.5501.1,18,8,64,6,3,28
CUFF.5889.1,708,464,116,1116,617,153
Phvul.005G002400,933,586,30,1025,917,36
Phvul.005G012400,130,14,103,8,8,0
Phvul.005G013800,23,37,62,11,13,26
Phvul.005G015500,431,176,5,284,140,158
Phvul.005G017600,1582,34,3,2046,35,1
Phvul.005G018000,1947,111,565,481,88,528
Phvul.005G018400,87,104,74,234,202,160
Phvul.005G019300,41,37,18,234,258,237
Phvul.005G019500,983,599,74,915,763,181
Phvul.005G020800,786,409,52,668,367,17
Phvul.005G021900,527,300,401,452,249,278
Phvul.005G023600,13,15,140,22,19,461
Phvul.005G025000,346,164,620,274,158,450
Phvul.005G025500,257,179,215,331,215,165
CUFF.6192.1,97,56,27,280,203,164
Phvul.005G033800,62,8,1,191,5,2
CUFF.6193.1,38,0,0,92,0,0
Phvul.005G039100,285,1,1,172,0,1
Phvul.005G045500,244,142,102,189,142,50
Phvul.005G051600,809,604,6095,949,568,3274
Phvul.005G055100,293,1125,568,460,1649,980
Phvul.005G055200,9460,9906,6383,16655,11615,8399
CUFF.6480.1,0,0,0,12,2,4
Phvul.005G083400,3074,211,561,5399,176,1165
Phvul.005G086000,1268,1150,663,1723,1315,728
Phvul.005G086600,995,620,34,504,396,76
Phvul.005G088600,215,407,338,564,579,421
Phvul.005G092900,147,106,26,89,53,14
Phvul.005G093900,137,31,1,183,68,3
Phvul.005G096300,11,10,227,4,11,50
Phvul.005G099700,34,7,99,28,12,88
Phvul.005G100700,25,33,105,42,35,237
Phvul.005G114100,1124,1082,113,63,78,2
Phvul.005G118300,39,33,148,43,26,82
Phvul.005G125400,2,70,1,3,149,4
Phvul.005G133800,432,495,27,2,7,1
Phvul.005G134200,65,217,36,25,157,18
CUFF.6774.3,809,438,240,1193,632,372
Phvul.005G135200,14,1,2,75,29,41
Phvul.005G136400,1571,2059,18,1199,2065,40
Phvul.005G139000,765,426,1759,600,368,1494
Phvul.005G172900,1502,1159,9,2599,1312,30
Phvul.005G177800,410,106,11,854,171,18
Phvul.005G006600,398,384,226,92,109,120
Phvul.005G008200,443,458,32,1,4,3
Phvul.005G014100,12,11,9,45,31,21
Phvul.005G016000,643,746,1950,812,1211,3030
Phvul.005G016700,331,123,273,400,224,522
Phvul.005G017100,242,90,5,164,84,5
Phvul.005G017700,1,0,0,28,50,7
Phvul.005G019000,54,36,64,31,22,35
Phvul.005G019100,189,148,52,343,265,128
Phvul.005G021200,1360,666,604,523,240,244
Phvul.005G022000,721,485,944,626,395,773
Phvul.005G023400,163,55,392,201,75,220
Phvul.005G027300,62,582,252,88,517,392
CUFF.6186.1,1261,36,1,2390,66,0
Phvul.005G039300,566,491,180,204,56,124
Phvul.005G042200,1457,31,1086,1380,31,577
Phvul.005G042700,97,1606,132,57,2083,439
Phvul.005G042900,793,709,68,937,949,176
Phvul.005G045700,1146,427,1146,939,300,851
CUFF.6289.1,502,171,11,367,133,23
Phvul.005G054500,705,287,13,553,236,16
Phvul.005G055300,1547,825,1724,1420,643,1440
Phvul.005G055500,300,94,53,142,99,35
Phvul.005G057400,498,149,1669,969,187,849
Phvul.005G058900,307,2231,342,369,3439,633
Phvul.005G073200,364,262,382,261,228,158
Phvul.005G073300,254,112,78,423,219,160
Phvul.005G078500,86,36,104,243,43,179
Phvul.005G079200,608,139,554,324,140,374
Phvul.005G083700,9524,4807,328,8439,5111,552
Phvul.005G083900,1658,2529,1151,1751,3012,2214
Phvul.005G085900,221,220,56,125,197,73
Phvul.005G100400,142,25,150,153,31,86
Phvul.005G107900,1679,1646,75,1717,1458,158
Phvul.005G108300,2199,1806,4485,2824,2208,8239
Phvul.005G108500,67,0,0,61,1,0
CUFF.6647.3,9,8,2,58,36,10
Phvul.005G124200,99,323,104,139,199,87
Phvul.005G138000,377,67,90,456,73,229
Phvul.005G138100,260,50,345,387,65,787
Phvul.005G166700,871,58,160,978,32,73
Phvul.005G168900,2497,1429,476,99,125,12
Phvul.005G170900,920,575,358,133,50,61
Phvul.005G173600,405,22,37,357,13,17
Phvul.005G174800,144,379,1699,222,343,977
Phvul.005G180200,435,253,1134,546,231,870
Phvul.005G182100,561,530,545,899,543,923
CUFF.6484.1,0,0,0,14,3,5
CUFF.6519.1,2,3,1,40,44,23
CUFF.6563.1,316,27,152,110,35,91
Phvul.006G003300,171,194,10,275,137,11
Phvul.006G005300,2901,1019,1063,1394,998,855
CUFF.7093.1,29,22,5,74,37,36
Phvul.006G017800,139,73,11,130,27,7
Phvul.006G018800,21,220,168,18,264,361
Phvul.006G023200,2763,2446,441,7247,10592,1429
Phvul.006G026300,253,1224,3,215,701,4
Phvul.006G028100,5039,6758,8253,3348,3476,4752
Phvul.006G028500,64,9,27,139,15,37
Phvul.006G028800,374,449,8,324,294,15
Phvul.006G029100,70,67,2979,130,147,3278
Phvul.006G039800,671,4408,4847,1258,4225,9017
Phvul.006G042800,1433,1112,572,2228,1599,1080
Phvul.006G043300,429,167,205,401,156,163
Phvul.006G046000,6,25,6,3,75,5
Phvul.006G047400,777,190,77,1744,218,98
Phvul.006G050900,13,16,49,26,15,109
Phvul.006G060500,708,346,1185,665,279,918
Phvul.006G069600,388,9,270,178,12,108
Phvul.006G102200,552,44,285,1198,56,286
Phvul.006G111600,58,4,0,171,5,0
Phvul.006G112800,15405,15835,128,14681,14086,207
Phvul.006G113000,531,211,355,508,175,224
Phvul.006G116100,219,94,14,320,40,19
Phvul.006G122400,17,4,3,40,11,1
Phvul.006G125400,582,384,8,383,259,14
Phvul.006G133600,203,151,70,180,163,125
Phvul.006G143800,239,252,12,78,153,8
Phvul.006G147800,161,5,260,175,6,156
Phvul.006G150100,21,14,1368,36,19,761
Phvul.006G155500,173,11,1363,173,13,554
Phvul.006G166100,765,219,225,1238,247,233
Phvul.006G175000,3236,1646,15,2908,1143,16
Phvul.006G175200,1633,924,477,2133,1023,541
Phvul.006G181900,549,52,2367,487,47,1298
Phvul.006G201800,61,59,26,9,8,0
Phvul.006G202500,406,149,16,235,174,12
CUFF.8101.1,257,285,36,352,406,120
Phvul.006G207700,175,18,13,370,20,12
Phvul.006G214500,698,665,54,671,849,110
Phvul.006G216100,1737,482,2203,1412,433,1331
Phvul.006G000100,1780,1019,240,127,84,6
Phvul.006G007400,763,462,194,393,265,223
Phvul.006G011100,392,25,1,219,18,0
Phvul.006G012300,272,154,1,285,371,0
Phvul.006G013500,973,587,10,1241,987,32
Phvul.006G017100,502,46,33755,443,63,18316
Phvul.006G017400,15,26,2,50,134,13
Phvul.006G021700,364,214,54,883,608,104
Phvul.006G022500,4675,5758,248,1387,2196,330
Phvul.006G022700,146,92,45,201,181,78
Phvul.006G023700,1756,809,449,1575,852,260
Phvul.006G027800,246,116,94,157,59,94
Phvul.006G027900,173,80,50,95,47,48
CUFF.7186.1,19,19,23,147,96,128
Phvul.006G028700,415,353,8,3,5,2
Phvul.006G033500,787,303,2718,795,280,1621
Phvul.006G037200,824,2096,52191,621,5581,75327
Phvul.006G054500,170,316,4139,169,527,7959
CUFF.7392.2,767,271,195,489,237,188
Phvul.006G066200,44,55,5,2,3,0
Phvul.006G069300,41661,851,1170,54886,1065,807
Phvul.006G076600,122,27,26,41,42,15
Phvul.006G087500,6,1,43,3,3,14
Phvul.006G093600,14,648,415,29,386,251
Phvul.006G094100,293,118,5177,279,130,3338
Phvul.006G096100,719,240,400,725,254,232
Phvul.006G097300,7251,7472,2410,35,78,53
Phvul.006G097700,801,167,1792,640,208,978
Phvul.006G114800,474,977,29,9,70,8
Phvul.006G121700,217,68,240,150,75,169
Phvul.006G127300,1091,4386,7773,1049,7407,8263
Phvul.006G139100,40,19,0,18,19,0
Phvul.006G141200,1465,1909,388,2335,2093,935
Phvul.006G143500,3182,3363,1317,1250,1304,1344
Phvul.006G143700,3958,2796,1713,1188,827,425
Phvul.006G148200,40,72,1,1,15,1
Phvul.006G151500,583,1831,659,693,2671,740
Phvul.006G153200,1811,585,2739,1995,663,1569
Phvul.006G153400,3486,1506,1027,2265,1774,799
Phvul.006G167700,2721,1164,707,1540,488,463
Phvul.006G167800,114,139,83,25,56,54
Phvul.006G168800,1502,1930,384,1470,2413,723
Phvul.006G171000,166,52,44,254,124,30
Phvul.006G175100,298,28,217,494,22,227
Phvul.006G175500,9002,5892,1559,86,143,17
Phvul.006G177400,10,92,139,5,103,411
Phvul.006G178100,1080,175,381,286,350,185
Phvul.006G178600,31,103,2,33,287,11
Phvul.006G185600,796,344,1673,679,306,1401
Phvul.006G192700,97,117,23,196,136,58
Phvul.006G198600,1874,1036,127,483,333,121
Phvul.006G209500,260,56,45,688,69,56
CUFF.7066.1,10,2,23,0,1,7
Phvul.007G002400,2444,1924,127,2480,1614,72
Phvul.007G008500,877,645,97,168,188,47
Phvul.007G010900,2396,790,1342,2442,528,1642
Phvul.007G023700,1746,3171,1340,1630,2977,875
Phvul.007G027700,316,5,0,403,4,1
Phvul.007G032800,149,18,962,124,18,510
Phvul.007G032900,234,255,27,95,102,12
CUFF.8371.1,462,426,162,1001,580,214
Phvul.007G055400,1086,368,1745,1009,324,1437
Phvul.007G057600,64,248,3696,74,363,5898
Phvul.007G059700,168,11534,23633,180,4949,22456
Phvul.007G074300,5334,3096,74,4324,2610,213
Phvul.007G075900,5,10,26,6,5,3
Phvul.007G078600,342,929,191,329,863,106
Phvul.007G081100,258,137,551,247,128,419
Phvul.007G082700,94,43,80,112,101,136
Phvul.007G094200,2040,1981,1979,1636,1375,2234
Phvul.007G104000,77,24,55,192,43,80
CUFF.8811.3,273,225,126,143,113,69
CUFF.8882.1,169,140,65,73,56,44
Phvul.007G130100,2,0,122,1,0,71
Phvul.007G130200,1,2,140,0,3,64
Phvul.007G131500,375,222,216,180,418,153
Phvul.007G132500,220,176,55,323,231,50
Phvul.007G141000,1878,316,28,810,426,29
Phvul.007G144400,903,391,642,805,292,513
Phvul.007G145500,561,277,964,385,204,701
Phvul.007G160700,576,467,941,694,462,634
Phvul.007G165300,572,148,3200,724,111,1578
Phvul.007G167200,167,473,6,209,660,40
Phvul.007G171300,1334,605,256,267,300,15
Phvul.007G174000,964,465,1044,843,355,880
Phvul.007G175300,530,315,741,435,240,457
Phvul.007G183200,1767,287,23,4354,248,40
Phvul.007G183300,401,158,94,203,109,77
Phvul.007G186700,184,85,20,127,40,18
Phvul.007G192800,18,1344,3590,18,882,2671
Phvul.007G195200,33,61,6,29,18,3
Phvul.007G196800,895,634,535,806,616,1008
Phvul.007G200700,1767,2570,15163,3275,2686,26298
Phvul.007G203400,63,27,29,39,39,69
Phvul.007G211000,457,629,288,0,8,4
Phvul.007G219300,34,74,1,88,107,9
Phvul.007G226800,372,141,7,186,66,7
Phvul.007G236800,692,338,76,380,379,133
Phvul.007G241600,1577,427,684,3219,694,941
Phvul.007G246700,5,5,442,6,4,295
Phvul.007G260200,91,91,54,41,40,57
Phvul.007G267500,476,223,656,388,179,475
Phvul.007G269300,20,38,188,24,40,121
Phvul.007G273000,55,1,0,238,1,1
Phvul.007G276500,0,3,37,0,7,28
Phvul.007G008600,698,404,48,495,152,61
Phvul.007G019300,475,501,58,627,622,125
Phvul.007G022100,81,101,402,69,86,168
Phvul.007G024600,461,146,274,260,113,213
Phvul.007G026000,295,380,789,311,302,1579
Phvul.007G044500,555,31,849,511,33,417
Phvul.007G045600,107,18,11,2,1,0
Phvul.007G060000,51,2651,4049,48,1126,3016
Phvul.007G063900,3439,7279,456,3378,10823,832
Phvul.007G064800,1741,41,7,1416,20,7
Phvul.007G069500,11,52,15,7,33,40
Phvul.007G070100,6,1,1120,9,2,661
Phvul.007G070600,315,182,237,260,139,207
Phvul.007G072200,1110,454,326,8,10,53
Phvul.007G075700,208,310,315,340,294,190
Phvul.007G079200,1202,824,1226,844,582,1063
Phvul.007G080400,104,851,95,16,852,262
Phvul.007G080800,968,659,827,383,303,626
Phvul.007G086700,1311,1179,10,1359,1615,30
Phvul.007G093100,1159,516,1673,871,345,1273
Phvul.007G102100,12384,7236,42,2732,641,21
Phvul.007G102300,2872,1624,563,4771,2219,758
CUFF.8757.3,166,110,88,82,61,40
CUFF.8758.2,212,173,88,112,82,50
Phvul.007G113800,311,413,671,417,510,1079
Phvul.007G119500,74,87,24,52,90,113
CUFF.8837.2,719,488,17,265,208,7
Phvul.007G120000,1187,632,3,712,779,3
Phvul.007G127800,174,6,23,429,7,24
Phvul.007G128600,3084,918,156,3038,794,305
Phvul.007G137600,6,1,331,11,3,156
Phvul.007G138300,359,552,784,306,249,776
Phvul.007G142700,340,204,334,302,133,260
Phvul.007G143000,542,1510,206,1045,1700,381
Phvul.007G144000,1008,318,363,288,505,242
Phvul.007G150500,1363,2806,162,50,116,20
Phvul.007G156700,11844,5982,28,12997,12101,42
Phvul.007G174100,721,1204,127,458,1282,185
Phvul.007G182200,85,159,3264,57,71,1229
Phvul.007G195100,57,1,0,188,4,0
Phvul.007G198800,590,14,0,401,11,0
Phvul.007G215600,409,127,1436,298,163,737
Phvul.007G218500,687,291,465,538,182,282
Phvul.007G225100,838,648,140,593,552,154
Phvul.007G225200,70,48,1777,78,31,591
Phvul.007G225300,2801,1925,15,2713,1484,15
Phvul.007G234800,331,334,0,348,180,2
Phvul.007G235100,679,5546,1497,340,4076,1835
Phvul.007G235300,14,1073,269,24,1342,671
Phvul.007G241800,137,23,38,381,52,63
Phvul.007G253700,188,102,115,416,132,155
Phvul.007G261100,235,136,66,132,219,56
Phvul.007G265400,1206,371,311,841,335,366
Phvul.007G269200,658,542,372,59,206,270
CUFF.8901.1,13,4,3,6,1,3
CUFF.9465.1,20,9,13,9,11,12
Phvul.008G013700,439,220,835,403,198,577
Phvul.008G016600,118,62,39,76,203,27
Phvul.008G020600,1117,294,1002,773,202,723
Phvul.008G031700,603,453,1,740,277,0
Phvul.008G031800,1000,728,618,1125,1129,521
Phvul.008G041800,194,144,0,24,1,0
Phvul.008G047700,1714,754,11,1190,541,25
Phvul.008G053400,1087,1823,1464,1197,1848,1006
Phvul.008G062900,22,2947,4698,62,4379,6933
Phvul.008G063400,451,1,1,1468,1,0
Phvul.008G063700,150,1,0,425,2,0
Phvul.008G064500,79,18,1,554,55,1
Phvul.008G065000,1,0,0,22,6,0
CUFF.10045.1,22,0,0,59,1,0
Phvul.008G074600,574,323,1087,488,261,710
Phvul.008G078600,610,1445,769,366,1130,792
Phvul.008G087000,2626,433,162,2600,1285,277
Phvul.008G087600,2087,304,3026,1905,182,1923
Phvul.008G094900,35,29,7,20,6,10
Phvul.008G108000,58,30,16,16,12,14
Phvul.008G119100,650,545,447,932,723,590
Phvul.008G123200,1408,777,8289,1464,637,5361
Phvul.008G128700,125,260,11731,102,471,6809
Phvul.008G130100,299,259,298,316,270,439
Phvul.008G139600,200,209,657,206,194,565
Phvul.008G141300,14,5,8,6,1,6
Phvul.008G150300,312,129,184,275,110,327
Phvul.008G152300,0,6,0,0,0,0
Phvul.008G157700,4,0,41,1,0,15
CUFF.10540.1,2,2,34,1,0,10
Phvul.008G166900,640,346,409,350,440,390
Phvul.008G167800,61,556,244,70,1161,479
Phvul.008G170800,405,246,59,195,204,62
Phvul.008G173200,1488,2668,8707,679,1924,9362
Phvul.008G173300,567,986,4,783,1694,8
Phvul.008G176100,64,471,37,60,791,62
Phvul.008G176200,1578,1888,928,905,1269,872
Phvul.008G179700,2,0,1,3,1,5
Phvul.008G184800,496,222,66,121,105,17
Phvul.008G186600,589,153,206,41,34,224
Phvul.008G188200,140,136,120,104,94,61
Phvul.008G191200,1447,1131,426,96,65,9
Phvul.008G199800,619,413,1110,682,355,1010
Phvul.008G200900,463,6,0,219,7,0
Phvul.008G202600,672,22,107,1091,34,112
Phvul.008G202900,165,171,65,39,24,49
Phvul.008G204400,351,288,73,27,32,54
Phvul.008G204900,127,0,0,220,2,0
Phvul.008G207700,81,20,186,75,15,110
Phvul.008G212400,902,523,442,533,523,428
Phvul.008G213800,167,96,30,388,127,42
Phvul.008G216600,665,22,28,1131,48,16
Phvul.008G217300,11832,1960,274,3952,4939,417
Phvul.008G217500,112,646,4259,97,604,1965
Phvul.008G217600,0,0,210,1,1,91
Phvul.008G218800,772,281,63,1612,395,261
Phvul.008G219900,437,375,883,343,501,605
Phvul.008G228000,47,191,171,61,64,158
Phvul.008G242400,470,236,489,505,238,368
Phvul.008G243500,301,250,188,5,10,1
Phvul.008G243900,168,197,36,55,110,30
Phvul.008G247400,1763,3437,185,479,507,130
Phvul.008G248800,752,273,651,459,423,454
Phvul.008G266700,670,562,879,1271,859,1181
Phvul.008G274300,481,440,64,400,429,120
Phvul.008G278900,245,162,76,263,181,171
Phvul.008G282800,417,451,81,16,6,4
Phvul.008G003900,547,447,523,552,387,440
Phvul.008G008200,1031,2293,68,1028,3558,61
Phvul.008G014800,124,215,105,49,133,75
Phvul.008G020200,608,111,120,106,49,135
Phvul.008G025700,884,724,2083,961,619,1559
Phvul.008G027800,150,39,6,282,38,7
Phvul.008G031600,335,127,532,178,101,463
Phvul.008G032000,898,552,31,355,266,13
Phvul.008G032500,1385,1713,1563,1036,1614,922
Phvul.008G044800,271,448,37,125,442,49
Phvul.008G047200,2,4,362,3,4,208
Phvul.008G059100,1793,863,4040,1637,683,3254
Phvul.008G061000,1066,471,1428,1001,388,1066
Phvul.008G070100,565,1241,5395,865,1921,5576
Phvul.008G073100,12,1,378,10,0,150
Phvul.008G076500,116,214,238,101,137,90
Phvul.008G076600,38,12,1,265,11,20
Phvul.008G084900,57,165,645,32,99,335
Phvul.008G086800,433,8,1,936,16,0
Phvul.008G091000,76,82,0,28,52,0
Phvul.008G091600,119,90,23,61,70,55
Phvul.008G103400,1459,1150,277,4,15,5
Phvul.008G104100,878,493,122,587,373,25
Phvul.008G114000,876,163,559,1429,258,916
Phvul.008G114100,1375,633,728,2810,822,799
Phvul.008G115600,24,17,19,30,18,89
Phvul.008G116500,2101,1142,93,2395,1282,200
Phvul.008G121300,39,32,17,242,270,119
Phvul.008G137100,1753,2960,101,2131,5495,142
Phvul.008G139000,2861,1647,5158,2443,1425,4350
Phvul.008G142400,441,207,877,361,131,657
Phvul.008G145400,429,159,205,266,136,153
Phvul.008G146200,1,8,2,13,41,45
Phvul.008G148700,5606,3258,2620,5222,2212,2964
Phvul.008G169400,268,311,8,37,86,5
Phvul.008G171300,67,46,0,46,10,1
Phvul.008G183200,1130,517,2339,988,386,1648
Phvul.008G191300,710,307,280,393,379,175
Phvul.008G195400,5944,8582,1782,5792,9968,2676
Phvul.008G196500,3842,2677,510,4558,3386,889
Phvul.008G197000,9667,7252,47,32,92,38
Phvul.008G199200,494,36511,394024,698,30283,355896
Phvul.008G212700,51,121,99,33,156,212
Phvul.008G215600,328,1647,10,292,2641,23
Phvul.008G218900,270,216,1,391,350,3
Phvul.008G223600,49,161,15,34,88,21
Phvul.008G239700,9,18,15,9,21,34
Phvul.008G240900,190,32,270,67,43,121
Phvul.008G241700,36,22,950,54,26,598
Phvul.008G249500,208,89,21,408,76,22
Phvul.008G254400,76,62,211,138,111,292
Phvul.008G270000,94,147,726,59,155,1119
Phvul.008G274700,737,211,2,502,124,2
Phvul.008G275000,30,284,25,27,175,42
CUFF.11205.1,40,56,293,59,123,397
Phvul.008G279800,820,301,266,206,41,38
CUFF.10521.1,1,3,31,1,1,16
CUFF.10628.1,14,7,5,2,3,0
Phvul.009G001700,10,19,0,10,72,2
Phvul.009G014800,105,951,547,50,1083,514
Phvul.009G015500,128,54,5,90,84,6
Phvul.009G016000,145,47,3,312,54,4
Phvul.009G018100,95,32,0,113,61,0
Phvul.009G022200,510,667,440,297,518,412
Phvul.009G024700,1533,6193,1775,1759,4257,2033
Phvul.009G025100,698,404,178,474,535,149
Phvul.009G026400,1665,1151,952,914,853,849
Phvul.009G029000,389,655,649,346,482,555
Phvul.009G029600,3315,1037,6018,4053,1004,3980
Phvul.009G032300,621,1125,154,77,85,115
Phvul.009G033900,154,48,306,143,50,190
Phvul.009G034700,628,267,248,445,229,225
Phvul.009G034900,724,359,2011,585,265,1194
Phvul.009G035200,851,481,1321,783,385,1011
Phvul.009G045100,1277,821,274,1472,875,451
Phvul.009G048100,408,236,466,341,170,379
Phvul.009G053800,116,17,24,31,11,28
Phvul.009G058700,17,14,33,16,15,11
Phvul.009G058900,269,60,171,499,51,270
Phvul.009G059000,7414,46910,4190,5573,49791,8749
Phvul.009G069600,1197,845,1310,104,281,1446
Phvul.009G070200,2992,5183,746,654,712,697
Phvul.009G078300,561,363,100,369,587,132
Phvul.009G086200,4554,10653,7190,3613,8371,6805
Phvul.009G103900,117,23,0,55,4,0
Phvul.009G106400,64,7,241,62,12,111
Phvul.009G111800,289,19,0,457,27,1
Phvul.009G124600,1062,1388,71,1263,1894,182
Phvul.009G129500,277,46,6,518,44,7
Phvul.009G130100,670,305,822,592,250,555
Phvul.009G130300,228,150,129,39,25,6
Phvul.009G133000,323,54,48,447,59,108
Phvul.009G134700,6415,7269,4363,8971,6960,7434
Phvul.009G135200,1026,551,136,481,313,65
Phvul.009G145800,20,574,414,33,993,467
Phvul.009G145900,16,8,43,17,10,77
Phvul.009G158200,114,121,11,54,34,8
Phvul.009G159100,359,462,259,588,653,533
Phvul.009G166400,712,469,515,504,236,453
Phvul.009G172200,1,0,556,1,1,223
Phvul.009G175600,194,39,0,337,25,0
Phvul.009G178500,238,101,84,312,104,184
Phvul.009G179600,199,41,2,358,68,2
Phvul.009G180400,219,165,26,420,254,18
Phvul.009G186300,1478,454,235,1695,463,466
Phvul.009G186500,3459,2847,582,2991,3052,920
Phvul.009G187800,148,259,93,146,277,179
Phvul.009G196900,6,9,0,5,48,0
Phvul.009G201600,81,100,87,19,42,51
Phvul.009G203500,367,298,237,246,198,221
Phvul.009G205100,86,1024,215,48,1050,615
Phvul.009G211300,347,1123,1251,159,627,1257
Phvul.009G212400,916,1391,1878,766,1440,2786
Phvul.009G218700,1,2,147,2,2,66
Phvul.009G227100,5733,915,8180,2707,1116,4389
Phvul.009G230400,256,207,166,261,348,433
Phvul.009G231800,651,729,245,515,915,495
Phvul.009G232700,95,50,13,101,42,45
Phvul.009G234800,67,0,73,23,2,32
Phvul.009G241900,69,14,1,29,1,2
Phvul.009G244100,157,194,0,3,8,0
Phvul.009G252900,123,227,0,133,490,0
Phvul.009G256400,97,9,1,402,25,0
Phvul.009G257100,152,56,712,114,111,295
Phvul.009G260800,3936,1432,583,59,142,22
Phvul.009G261700,223,16,0,132,20,0
Phvul.009G261900,265,74,6,552,97,8
Phvul.009G262400,3,6,3,423,813,332
Phvul.009G023700,803,702,1087,419,841,1052
Phvul.009G024600,707,3167,2490,1167,2791,3776
Phvul.009G028700,3420,2204,1643,1532,607,1559
Phvul.009G029500,31,52,129,32,65,291
Phvul.009G035500,701,377,1420,682,291,1058
Phvul.009G038800,353,20,40,290,18,45
Phvul.009G044100,357,56,954,137,67,634
Phvul.009G044900,615,72,1782,456,36,915
Phvul.009G049600,548,112,1650,459,112,928
Phvul.009G051100,9031,561,13,14994,971,14
Phvul.009G053000,151,285,674,84,192,853
Phvul.009G057500,1188,693,1097,465,978,901
Phvul.009G058600,30,40,48,38,38,13
Phvul.009G072900,1746,1528,1035,1018,1194,469
Phvul.009G075100,2819,121,46,4319,115,109
Phvul.009G077700,1798,1908,1145,1800,1803,834
Phvul.009G083500,526,163,10,370,187,10
Phvul.009G091500,158,98,114,43,53,61
Phvul.009G094000,55,10,466,51,22,208
Phvul.009G099400,735,348,963,668,286,756
Phvul.009G099700,598,322,1067,479,241,757
Phvul.009G102000,379,2,0,201,6,8
Phvul.009G105300,983,326,34,1294,1122,47
Phvul.009G111900,818,150,74,1035,138,76
Phvul.009G114600,90,76,10,10,15,4
Phvul.009G118900,2543,488,83,821,712,58
Phvul.009G119700,1332,652,2051,1133,543,1638
Phvul.009G121200,683,391,412,600,421,304
Phvul.009G128300,1247,536,351,931,575,336
Phvul.009G134300,761,10673,18724,1473,13511,17450
Phvul.009G139100,812,210,632,359,200,529
Phvul.009G143100,7842,8928,1913,2037,2225,1999
Phvul.009G144100,4212,3355,163,3931,4140,374
Phvul.009G149500,71,49,3,118,42,22
Phvul.009G174000,37,38,2464,53,35,1324
Phvul.009G176000,185,127,6,205,305,8
Phvul.009G177400,180,67,752,215,73,373
Phvul.009G178000,1863,1001,1959,1811,1001,1283
Phvul.009G180900,1307,652,2639,1135,541,2236
Phvul.009G184400,435,300,529,476,255,393
Phvul.009G185800,3140,1803,1431,2907,3000,1677
Phvul.009G187000,339,280,139,286,335,139
Phvul.009G187400,819,322,31,765,683,34
Phvul.009G192400,2178,1401,72,249,400,34
Phvul.009G195600,146,89,271,127,68,182
Phvul.009G202700,372,184,644,320,161,447
Phvul.009G207000,882,234,1022,1058,237,788
Phvul.009G211000,836,761,7,469,661,10
Phvul.009G216500,907,397,1196,524,342,1061
Phvul.009G224200,555,194,2,392,203,3
Phvul.009G228200,22,1,0,102,0,0
Phvul.009G229300,547,172,300,390,125,249
Phvul.009G229500,74,13,51,59,17,21
Phvul.009G231200,100,74,0,45,45,0
Phvul.009G233200,7063,140,492,7010,188,630
Phvul.009G242700,180,1881,222,86,1807,693
Phvul.009G247700,243,259,305,120,92,294
Phvul.009G253500,1569,557,1345,591,698,1095
Phvul.009G257600,30,35,6,51,83,27
Phvul.010G001600,11,11,482,6,9,361
Phvul.010G005800,153,4,0,78,1,0
Phvul.010G009400,247,294,25,473,306,36
Phvul.010G012200,88,71,784,90,66,320
Phvul.010G043000,268,766,981,652,1723,2775
Phvul.010G047900,16,25,2,61,110,11
Phvul.010G051100,11,33,1,10,81,2
Phvul.010G052300,4345,4426,765,4992,5548,1363
Phvul.010G054000,62,46,254,62,54,151
CUFF.13080.2,131,78,187,303,147,232
Phvul.010G055800,88,32,1,198,73,2
Phvul.010G055900,406,290,231,618,401,340
Phvul.010G056800,1572,655,1670,1495,579,1444
Phvul.010G066100,321,811,5206,280,933,3859
Phvul.010G067200,117,29,83,142,34,190
CUFF.13086.1,12,7,3,20,14,5
CUFF.13096.1,121,91,84,7,9,4
Phvul.010G082300,661,289,1369,379,315,722
Phvul.010G085000,563,406,691,424,277,541
Phvul.010G094800,2396,2666,1351,864,1214,1541
Phvul.010G098300,1640,838,592,533,407,466
CUFF.13298.1,5,19,24,71,137,186
Phvul.010G104800,1,4,1124,2,3,502
Phvul.010G108300,1443,851,2091,765,980,1665
Phvul.010G110900,407,366,121,423,273,58
Phvul.010G112600,5,0,414,2,1,271
Phvul.010G116000,209,105,47,447,129,79
Phvul.010G117900,78,34,840,78,23,334
Phvul.010G120800,537,253,147,223,63,87
Phvul.010G122500,289,3,49,221,4,26
Phvul.010G129100,1547,556,4930,1535,385,2902
Phvul.010G136800,187,88,489,151,69,366
Phvul.010G140300,260,137,88,139,93,65
Phvul.010G155300,271,342,167,244,215,89
Phvul.010G158200,259,187,75,36,9,1
Phvul.010G163400,677,457,411,414,554,324
Phvul.010G003000,1821,1910,142,1957,2084,295
Phvul.010G007400,78,130,8338,79,112,4435
Phvul.010G010400,2461,2793,268,1721,2180,344
Phvul.010G016000,5,17,0,7,11,1
Phvul.010G021900,11014,424,11,15666,189,15
Phvul.010G049300,4275,779,505,1561,1235,277
Phvul.010G053300,879,364,651,359,531,446
CUFF.13022.1,23,8,11,52,12,35
Phvul.010G058000,327,231,158,212,137,68
CUFF.13054.1,951,927,1,1316,1408,1
Phvul.010G066400,6872,21393,668,10784,31289,2256
Phvul.010G075400,1062,1412,120,711,890,168
Phvul.010G087500,6558,210,15,6263,127,12
CUFF.13224.1,20,24,9,54,36,31
Phvul.010G089500,48,295,3196,39,214,1544
Phvul.010G095600,641,102,657,640,67,508
Phvul.010G099000,365,153,686,294,111,466
Phvul.010G100400,603,227,94,315,240,59
Phvul.010G107400,28,364,195,21,78,94
Phvul.010G108700,308,5357,2458,373,11895,7889
Phvul.010G111200,68,43,53,164,44,69
Phvul.010G115000,409,254,623,390,232,542
Phvul.010G116600,37,14,95,34,12,36
Phvul.010G117100,398,244,445,607,208,266
Phvul.010G117200,2417,60,492,2813,33,312
Phvul.010G118800,1134,223,15,1042,151,16
Phvul.010G123500,258,161,1347,207,99,927
Phvul.010G126800,1040,958,181,1577,1362,327
Phvul.010G129200,40,153,204,41,153,401
Phvul.010G134100,354,141,211,359,101,144
Phvul.010G134200,8,6,39,27,32,115
Phvul.010G139800,6,32,60,11,37,33
Phvul.010G141100,96,12,330,56,24,197
Phvul.010G148600,1027,1262,390,1519,1469,579
Phvul.010G151000,53,327,1769,46,306,1237
Phvul.010G152900,2515,1892,8922,2210,1630,7002
Phvul.010G155100,220,62,21,376,63,43
Phvul.010G157900,290,147,1094,305,105,737
CUFF.13049.1,0,0,0,128,20,19
CUFF.13066.1,14,14,2,46,28,6
CUFF.13073.1,0,0,16,0,0,6
CUFF.13074.1,0,0,28,0,0,5
CUFF.13242.1,16,10,35,8,3,13
Phvul.011G001400,969,540,291,1083,569,485
Phvul.011G009900,412,230,719,309,206,553
Phvul.011G010600,23974,48919,1698,25181,59038,4119
Phvul.011G017700,316,36,3,969,21,2
Phvul.011G023600,173,135,64,118,61,60
Phvul.011G025600,1014,128,165,552,66,164
Phvul.011G028200,1545,550,116,1388,630,55
CUFF.13822.1,11,3,0,65,5,0
Phvul.011G033900,919,293,211,569,330,167
Phvul.011G035200,1445,466,2167,783,411,1502
Phvul.011G036900,175,67,170,184,68,267
Phvul.011G046300,178,54,1,8,4,0
Phvul.011G047500,171,8,513,156,5,250
Phvul.011G048700,13090,2103,20,13558,1351,35
Phvul.011G050000,4706,822,596,7568,806,1079
Phvul.011G060200,889,161,129,1733,171,110
Phvul.011G067100,52,12,1,95,23,2
Phvul.011G077600,366,59,2138,305,53,1284
Phvul.011G079600,1275,952,698,577,384,561
Phvul.011G086400,27,52,1993,29,57,1300
Phvul.011G089900,883,1898,142,405,1080,141
Phvul.011G095300,22,19,74,14,17,45
Phvul.011G095400,1278,1163,93,1335,1971,194
Phvul.011G096800,958,803,259,729,1235,733
Phvul.011G099500,48,23,7,41,15,29
Phvul.011G100400,2439,2988,72,1083,1496,71
CUFF.14263.2,57,36,27,16,19,10
Phvul.011G110800,1673,1962,4234,2778,2643,7545
Phvul.011G110900,1124,1263,1779,1484,1603,2730
Phvul.011G112800,686,557,61,490,613,71
Phvul.011G124000,31,13,77,13,10,52
Phvul.011G128700,60,132,0,61,932,2
Phvul.011G132600,1,1,1,1,1,1
Phvul.011G135600,10,1,292,11,0,57
Phvul.011G145900,1475,57,4556,868,61,2947
Phvul.011G153400,3164,43,13,2919,48,9
Phvul.011G157400,39,18,41,88,4,15
Phvul.011G164800,4831,489,2,2801,573,4
Phvul.011G166900,14,8,216,7,4,171
Phvul.011G180400,466,4796,1599,294,5106,2951
Phvul.011G183700,27,187,294,49,255,404
Phvul.011G183800,2508,3420,326,2297,2002,225
Phvul.011G185500,1413,3907,294,1202,3877,550
Phvul.011G203000,45,37,189,50,29,113
Phvul.011G205000,561,28,1,691,285,2
Phvul.011G205200,0,72,1,0,150,87
Phvul.011G205300,1,3,0,0,82,1
Phvul.011G205600,7,110,1,11,856,9
Phvul.011G208700,2190,159,10,978,71,9
Phvul.011G208800,6701,125,9,3712,70,9
Phvul.011G210400,8,4,46,31,15,131
Phvul.011G212600,314,110,50,199,74,59
Phvul.011G213800,777,916,819,1916,2554,2670
Phvul.011G005900,8,1,356,3,0,190
Phvul.011G014200,139,133,96,153,110,51
Phvul.011G015700,125,142,252,122,93,152
Phvul.011G015800,14,7,3,44,31,16
Phvul.011G018000,5618,8502,2053,6315,11129,3688
Phvul.011G028600,565,592,349,803,649,221
CUFF.13821.1,1182,9,0,583,2,1
Phvul.011G033400,1306,552,1911,1155,506,1563
Phvul.011G045000,10254,6178,5746,5530,8413,5314
Phvul.011G050300,230,126,494,248,101,344
Phvul.011G059400,351,164,26,487,521,29
Phvul.011G060300,32,1,0,79,0,0
Phvul.011G079300,10339,4251,1518,13844,5179,2925
Phvul.011G080100,631,603,4437,630,730,3301
Phvul.011G080600,1044,204,61,1387,367,81
Phvul.011G083100,306,3055,64,466,4070,155
Phvul.011G085300,326,151,135,262,160,82
Phvul.011G089600,214,38,25,2,2,0
Phvul.011G091300,4933,2618,8,2939,1269,9
Phvul.011G091600,70,237,65,46,142,71
Phvul.011G098000,149,120,0,137,204,1
Phvul.011G105500,3693,711,1446,2939,758,1084
Phvul.011G105600,783,1308,39,1,12,1
Phvul.011G107000,11261,28964,2482,18670,25787,4186
Phvul.011G113200,72,70,2,204,521,1
CUFF.14356.1,57,42,23,39,26,12
CUFF.14355.1,14,13,57,7,2,23
Phvul.011G121200,2052,1961,1638,8205,466,3231
Phvul.011G123600,1100,478,1068,187,257,573
CUFF.14412.5,34,19,34,161,115,190
Phvul.011G138300,204,13,2,393,17,2
Phvul.011G141400,192,19,1250,116,32,656
Phvul.011G174700,431,21,12,1012,23,11
Phvul.011G178800,250,410,1667,304,538,2633
Phvul.011G182200,193,1,0,370,1,0
Phvul.011G190300,109,162,102,111,165,192
Phvul.011G191900,114,231,1,33,153,5
Phvul.011G205400,0,0,1,3,76,2
Phvul.011G205500,16,186,1,47,1207,29
Phvul.011G206100,3270,5523,188,3497,5537,450
CUFF.14745.1,25,1,1,102,12,0
Phvul.011G208100,207,33,0,109,20,3
Phvul.011G210800,544,607,288,611,736,582
Phvul.011G211100,830,352,58,727,318,109
Phvul.011G211800,167,27,1,95,43,0
Phvul.011G212800,214,522,563,483,929,1034
Phvul.011G214200,114,106,122,68,95,66
Phvul.011G215100,1404,1694,1113,1901,1994,1799
Phvul.011G215700,19,14,3,24,55,27
CUFF.13720.1,22,10,49,13,13,24
CUFF.14372.1,0,0,0,0,0,1
CUFF.14524.1,17,17,18,5,6,6
CUFF.14805.1,292,113,242,697,46,131
Phvul.L008000,305,159,166,254,136,89
Phvul.L002000,216,250,81,98,103,35
Phvul.L010300,251,590,297,151,417,302
Phvul.L004600,84,0,0,150,2,1
CUFF.14856.1,461,167,276,1047,57,142
Phvul.L004900,15,16,112,22,13,80
Phvul.L005700,2276,3497,193,250,143,27
Phvul.L005900,29,9,3,2,0,1